step,price,density
100,11.13730710029602,0.0
100,12.532912054061889,0.0
100,13.92851700782776,0.0
100,15.32412196159363,0.24746897748878635
100,16.719726915359498,1.3648902740437554
100,18.115331869125367,0.8762655112556068
100,19.51093682289124,0.5113752372118514
100,20.906541776657107,0.0
100,22.302146730422976,0.5359601738537835
100,23.697751684188844,0.4640398261462166
100,25.093356637954713,0.0
100,26.48896159172058,0.0
100,27.88456654548645,0.0
100,29.28017149925232,0.0
100,30.67577645301819,0.0
100,32.07138140678406,0.0
100,33.46698636054993,0.0
100,34.8625913143158,0.0
100,36.25819626808167,0.0
100,37.65380122184754,0.0
100,39.049406175613406,0.0
100,40.445011129379274,0.0
100,41.84061608314514,0.0
100,43.23622103691101,0.0
100,44.63182599067688,0.0
100,46.02743094444275,0.0
100,47.423035898208624,0.0
100,48.81864085197449,0.0
100,50.21424580574036,0.0
100,51.60985075950623,0.0
100,53.0054557132721,0.0
100,54.40106066703797,0.23219832535697751
100,55.796665620803836,0.6824451370218777
100,57.192270574569704,0.08535653762114478
100,58.58787552833557,0.0
100,59.98348048210144,0.0
100,61.37908543586731,0.0
100,62.77469038963318,0.0
100,64.17029534339906,0.0
100,65.56590029716492,0.0
100,66.9615052509308,0.0
100,68.35711020469665,0.0
100,69.75271515846254,0.0
100,71.14832011222839,0.0
100,72.54392506599427,0.10398510664139111
100,73.93953001976013,0.6824451370218777
100,75.33513497352601,0.2135697563367312
100,76.73073992729186,0.0
100,78.12634488105775,0.0
100,79.5219498348236,0.5162107917507797
100,80.91755478858948,0.4837892082492204
100,82.31315974235534,0.0
100,83.70876469612122,0.0
100,85.10436964988709,0.0
100,86.49997460365296,0.0
100,87.89557955741884,0.0
100,89.2911845111847,0.0
100,90.68678946495058,0.0
100,92.08239441871643,0.0
100,93.47799937248232,0.0
100,94.87360432624817,0.02310729899144128
100,96.26920928001405,0.6824451370218777
100,97.66481423377991,0.29444756398668104
100,99.06041918754579,0.0
100,100.45602414131164,0.0
100,101.85162909507753,0.0
100,103.24723404884338,0.0
100,104.64283900260926,0.0
100,106.03844395637512,0.0
100,107.434048910141,0.0
100,108.82965386390686,0.0
100,110.22525881767274,0.0
100,111.6208637714386,0.0
100,113.01646872520448,0.0
100,114.41207367897034,0.0
100,115.80767863273621,0.0
100,117.2032835865021,0.0
100,118.59888854026795,0.0
100,119.99449349403383,0.0
100,121.39009844779969,0.0
100,122.78570340156557,0.0
100,124.18130835533142,0.0
100,125.5769133090973,0.0
100,126.97251826286316,0.0
100,128.36812321662904,0.0
100,129.76372817039493,0.08423572453839077
100,131.15933312416075,0.6824451370218707
100,132.55493807792664,0.23331913843973848
100,133.95054303169252,0.0
100,135.3461479854584,0.0
100,136.74175293922423,0.0
100,138.1373578929901,0.0
100,139.532962846756,0.0
100,140.92856780052188,0.0
100,142.32417275428773,0.0
100,143.71977770805358,0.0
100,145.11538266181947,0.5911322317790524
100,146.51098761558535,0.40886776822094756
100,147.9065925693512,0.0
100,149.30219752311706,0.0

200,11.13730710029602,0.6399999999999998
200,12.532912054061889,0.6400000000000006
200,13.92851700782776,0.6399999999999998
200,15.32412196159363,0.07999999999999997
200,16.719726915359498,0.0
200,18.115331869125367,0.0
200,19.51093682289124,0.0
200,20.906541776657107,0.12000000000000118
200,22.302146730422976,0.6399999999999998
200,23.697751684188844,0.23999999999999908
200,25.093356637954713,0.04000000000000039
200,26.48896159172058,0.6399999999999998
200,27.88456654548645,0.3199999999999999
200,29.28017149925232,0.0
200,30.67577645301819,0.0
200,32.07138140678406,0.0
200,33.46698636054993,0.0
200,34.8625913143158,0.0
200,36.25819626808167,0.0
200,37.65380122184754,0.0
200,39.049406175613406,0.0
200,40.445011129379274,0.0
200,41.84061608314514,0.0
200,43.23622103691101,0.0
200,44.63182599067688,0.0
200,46.02743094444275,0.0
200,47.423035898208624,0.0
200,48.81864085197449,0.0
200,50.21424580574036,0.0
200,51.60985075950623,0.0
200,53.0054557132721,0.0
200,54.40106066703797,0.0
200,55.796665620803836,0.0
200,57.192270574569704,0.0
200,58.58787552833557,0.0
200,59.98348048210144,0.0
200,61.37908543586731,0.0
200,62.77469038963318,0.0
200,64.17029534339906,0.0
200,65.56590029716492,0.0
200,66.9615052509308,0.0
200,68.35711020469665,0.0
200,69.75271515846254,0.0
200,71.14832011222839,0.0
200,72.54392506599427,0.0
200,73.93953001976013,0.0
200,75.33513497352601,0.0
200,76.73073992729186,0.0
200,78.12634488105775,0.0
200,79.5219498348236,0.0
200,80.91755478858948,0.0
200,82.31315974235534,0.27999999999999947
200,83.70876469612122,0.6399999999999998
200,85.10436964988709,0.08000000000000078
200,86.49997460365296,0.0
200,87.89557955741884,0.0
200,89.2911845111847,0.4800000000000047
200,90.68678946495058,0.5199999999999954
200,92.08239441871643,0.0
200,93.47799937248232,0.0
200,94.87360432624817,0.0
200,96.26920928001405,0.0
200,97.66481423377991,0.0
200,99.06041918754579,0.0
200,100.45602414131164,0.0
200,101.85162909507753,0.0
200,103.24723404884338,0.0
200,104.64283900260926,0.0
200,106.03844395637512,0.0
200,107.434048910141,0.0
200,108.82965386390686,0.0
200,110.22525881767274,0.0
200,111.6208637714386,0.0
200,113.01646872520448,0.0
200,114.41207367897034,0.0
200,115.80767863273621,0.0
200,117.2032835865021,0.0
200,118.59888854026795,0.0
200,119.99449349403383,0.0
200,121.39009844779969,0.0
200,122.78570340156557,0.0
200,124.18130835533142,0.0
200,125.5769133090973,0.12000000000000444
200,126.97251826286316,0.6399999999999998
200,128.36812321662904,0.23999999999999583
200,129.76372817039493,0.0
200,131.15933312416075,0.0
200,132.55493807792664,0.0
200,133.95054303169252,0.0
200,135.3461479854584,0.0
200,136.74175293922423,0.0
200,138.1373578929901,0.0
200,139.532962846756,0.0
200,140.92856780052188,0.0
200,142.32417275428773,0.0
200,143.71977770805358,0.0
200,145.11538266181947,0.0
200,146.51098761558535,0.0
200,147.9065925693512,1.0800000000000203
200,149.30219752311706,1.9199999999999797

300,11.13730710029602,0.0
300,12.532912054061889,0.0
300,13.92851700782776,0.0
300,15.32412196159363,0.0
300,16.719726915359498,0.0
300,18.115331869125367,0.0
300,19.51093682289124,0.0
300,20.906541776657107,0.0
300,22.302146730422976,0.0
300,23.697751684188844,0.0
300,25.093356637954713,0.0
300,26.48896159172058,0.0
300,27.88456654548645,0.0
300,29.28017149925232,0.0
300,30.67577645301819,0.0
300,32.07138140678406,0.0
300,33.46698636054993,0.0
300,34.8625913143158,0.0
300,36.25819626808167,0.0
300,37.65380122184754,0.0
300,39.049406175613406,0.0
300,40.445011129379274,0.0
300,41.84061608314514,0.0
300,43.23622103691101,0.0
300,44.63182599067688,0.0
300,46.02743094444275,0.0
300,47.423035898208624,0.0
300,48.81864085197449,0.0
300,50.21424580574036,0.0
300,51.60985075950623,0.0
300,53.0054557132721,0.0
300,54.40106066703797,0.0
300,55.796665620803836,0.0
300,57.192270574569704,0.0
300,58.58787552833557,0.0
300,59.98348048210144,0.0
300,61.37908543586731,0.0
300,62.77469038963318,0.0
300,64.17029534339906,0.0
300,65.56590029716492,0.0
300,66.9615052509308,0.0
300,68.35711020469665,0.0
300,69.75271515846254,0.0
300,71.14832011222839,0.0
300,72.54392506599427,0.0
300,73.93953001976013,0.0
300,75.33513497352601,0.0
300,76.73073992729186,0.0
300,78.12634488105775,0.0
300,79.5219498348236,0.0
300,80.91755478858948,0.0
300,82.31315974235534,0.0
300,83.70876469612122,0.0
300,85.10436964988709,0.0
300,86.49997460365296,0.0
300,87.89557955741884,0.0
300,89.2911845111847,0.0
300,90.68678946495058,0.0
300,92.08239441871643,0.0
300,93.47799937248232,1.0
300,94.87360432624817,0.0
300,96.26920928001405,0.5394269229453309
300,97.66481423377991,0.46057307705466904
300,99.06041918754579,0.0
300,100.45602414131164,0.0
300,101.85162909507753,0.7984319906247117
300,103.24723404884338,0.20156800937528832
300,104.64283900260926,0.0
300,106.03844395637512,0.0
300,107.434048910141,0.0
300,108.82965386390686,0.0
300,110.22525881767274,0.0
300,111.6208637714386,0.0
300,113.01646872520448,0.0
300,114.41207367897034,0.0
300,115.80767863273621,0.0
300,117.2032835865021,0.0
300,118.59888854026795,0.0
300,119.99449349403383,0.0
300,121.39009844779969,0.0
300,122.78570340156557,0.0
300,124.18130835533142,0.0
300,125.5769133090973,0.0
300,126.97251826286316,0.0
300,128.36812321662904,0.0
300,129.76372817039493,0.0
300,131.15933312416075,0.0
300,132.55493807792664,0.0
300,133.95054303169252,0.0
300,135.3461479854584,0.0
300,136.74175293922423,0.0
300,138.1373578929901,2.0
300,139.532962846756,0.0
300,140.92856780052188,0.0
300,142.32417275428773,0.0
300,143.71977770805358,0.0
300,145.11538266181947,0.0
300,146.51098761558535,0.8704966040511886
300,147.9065925693512,1.1295033959488114
300,149.30219752311706,3.0

400,11.13730710029602,0.0
400,12.532912054061889,0.0
400,13.92851700782776,0.0
400,15.32412196159363,0.0
400,16.719726915359498,0.0
400,18.115331869125367,0.0
400,19.51093682289124,0.0
400,20.906541776657107,0.0
400,22.302146730422976,0.0
400,23.697751684188844,0.0
400,25.093356637954713,0.0
400,26.48896159172058,0.0
400,27.88456654548645,0.0
400,29.28017149925232,0.0
400,30.67577645301819,0.0
400,32.07138140678406,0.0
400,33.46698636054993,0.0
400,34.8625913143158,0.0
400,36.25819626808167,0.0
400,37.65380122184754,0.0
400,39.049406175613406,0.0
400,40.445011129379274,0.0
400,41.84061608314514,0.0
400,43.23622103691101,0.0
400,44.63182599067688,0.0
400,46.02743094444275,0.0
400,47.423035898208624,0.0
400,48.81864085197449,0.0
400,50.21424580574036,0.0
400,51.60985075950623,0.0
400,53.0054557132721,0.0
400,54.40106066703797,0.0
400,55.796665620803836,0.0
400,57.192270574569704,0.0
400,58.58787552833557,0.0
400,59.98348048210144,0.0
400,61.37908543586731,0.0
400,62.77469038963318,0.0
400,64.17029534339906,0.0
400,65.56590029716492,0.0
400,66.9615052509308,0.0
400,68.35711020469665,0.0
400,69.75271515846254,0.0
400,71.14832011222839,0.0
400,72.54392506599427,0.0
400,73.93953001976013,0.0
400,75.33513497352601,0.0
400,76.73073992729186,0.0
400,78.12634488105775,0.0
400,79.5219498348236,0.0
400,80.91755478858948,0.0
400,82.31315974235534,0.0
400,83.70876469612122,0.0
400,85.10436964988709,0.0
400,86.49997460365296,0.0
400,87.89557955741884,0.0
400,89.2911845111847,0.0
400,90.68678946495058,0.0
400,92.08239441871643,0.0
400,93.47799937248232,0.0
400,94.87360432624817,0.0
400,96.26920928001405,0.0
400,97.66481423377991,0.0
400,99.06041918754579,0.0
400,100.45602414131164,0.0
400,101.85162909507753,0.0
400,103.24723404884338,0.0
400,104.64283900260926,0.0
400,106.03844395637512,0.0
400,107.434048910141,0.0
400,108.82965386390686,0.0
400,110.22525881767274,0.0
400,111.6208637714386,0.0
400,113.01646872520448,0.0
400,114.41207367897034,0.0
400,115.80767863273621,0.0
400,117.2032835865021,0.0
400,118.59888854026795,0.0
400,119.99449349403383,0.0
400,121.39009844779969,0.0
400,122.78570340156557,0.0
400,124.18130835533142,0.0
400,125.5769133090973,0.0
400,126.97251826286316,0.0
400,128.36812321662904,0.0
400,129.76372817039493,0.0
400,131.15933312416075,0.0
400,132.55493807792664,0.0
400,133.95054303169252,0.0
400,135.3461479854584,0.0
400,136.74175293922423,0.0
400,138.1373578929901,0.0
400,139.532962846756,0.0
400,140.92856780052188,0.0
400,142.32417275428773,1.0
400,143.71977770805358,0.0
400,145.11538266181947,0.0
400,146.51098761558535,1.0
400,147.9065925693512,1.0
400,149.30219752311706,7.0

500,11.13730710029602,0.0
500,12.532912054061889,0.0
500,13.92851700782776,0.0
500,15.32412196159363,0.0
500,16.719726915359498,0.0
500,18.115331869125367,0.0
500,19.51093682289124,0.0
500,20.906541776657107,0.0
500,22.302146730422976,0.0
500,23.697751684188844,0.0
500,25.093356637954713,0.0
500,26.48896159172058,0.0
500,27.88456654548645,0.0
500,29.28017149925232,0.0
500,30.67577645301819,0.0
500,32.07138140678406,0.0
500,33.46698636054993,0.0
500,34.8625913143158,0.0
500,36.25819626808167,0.0
500,37.65380122184754,0.0
500,39.049406175613406,0.0
500,40.445011129379274,0.0
500,41.84061608314514,0.0
500,43.23622103691101,0.0
500,44.63182599067688,0.0
500,46.02743094444275,0.0
500,47.423035898208624,0.0
500,48.81864085197449,0.0
500,50.21424580574036,0.0
500,51.60985075950623,0.0
500,53.0054557132721,0.0
500,54.40106066703797,0.0
500,55.796665620803836,0.0
500,57.192270574569704,0.0
500,58.58787552833557,0.0
500,59.98348048210144,0.0
500,61.37908543586731,0.0
500,62.77469038963318,0.0
500,64.17029534339906,0.0
500,65.56590029716492,0.0
500,66.9615052509308,0.0
500,68.35711020469665,0.0
500,69.75271515846254,0.0
500,71.14832011222839,0.0
500,72.54392506599427,0.0
500,73.93953001976013,0.0
500,75.33513497352601,0.0
500,76.73073992729186,0.0
500,78.12634488105775,0.0
500,79.5219498348236,0.0
500,80.91755478858948,0.0
500,82.31315974235534,0.0
500,83.70876469612122,0.0
500,85.10436964988709,0.0
500,86.49997460365296,0.0
500,87.89557955741884,0.0
500,89.2911845111847,0.0
500,90.68678946495058,0.0
500,92.08239441871643,0.0
500,93.47799937248232,0.0
500,94.87360432624817,0.0
500,96.26920928001405,0.0
500,97.66481423377991,0.0
500,99.06041918754579,0.0
500,100.45602414131164,0.0
500,101.85162909507753,0.0
500,103.24723404884338,0.0
500,104.64283900260926,0.0
500,106.03844395637512,0.0
500,107.434048910141,0.0
500,108.82965386390686,0.0
500,110.22525881767274,0.0
500,111.6208637714386,0.0
500,113.01646872520448,0.0
500,114.41207367897034,0.0
500,115.80767863273621,0.0
500,117.2032835865021,0.0
500,118.59888854026795,0.0
500,119.99449349403383,0.0
500,121.39009844779969,0.0
500,122.78570340156557,0.0
500,124.18130835533142,0.0
500,125.5769133090973,0.0
500,126.97251826286316,0.0
500,128.36812321662904,0.0
500,129.76372817039493,0.0
500,131.15933312416075,0.0
500,132.55493807792664,0.0
500,133.95054303169252,0.0
500,135.3461479854584,0.0
500,136.74175293922423,0.0
500,138.1373578929901,0.0
500,139.532962846756,0.0
500,140.92856780052188,0.0
500,142.32417275428773,1.0
500,143.71977770805358,0.0
500,145.11538266181947,1.0
500,146.51098761558535,1.0
500,147.9065925693512,1.0
500,149.30219752311706,6.0

600,11.13730710029602,0.0
600,12.532912054061889,0.0
600,13.92851700782776,0.0
600,15.32412196159363,0.0
600,16.719726915359498,0.0
600,18.115331869125367,0.0
600,19.51093682289124,0.0
600,20.906541776657107,0.0
600,22.302146730422976,0.0
600,23.697751684188844,0.0
600,25.093356637954713,0.0
600,26.48896159172058,0.0
600,27.88456654548645,0.0
600,29.28017149925232,0.0
600,30.67577645301819,0.0
600,32.07138140678406,0.0
600,33.46698636054993,0.0
600,34.8625913143158,0.0
600,36.25819626808167,0.0
600,37.65380122184754,0.0
600,39.049406175613406,0.0
600,40.445011129379274,0.0
600,41.84061608314514,0.0
600,43.23622103691101,0.0
600,44.63182599067688,0.0
600,46.02743094444275,0.0
600,47.423035898208624,0.0
600,48.81864085197449,0.0
600,50.21424580574036,0.0
600,51.60985075950623,0.0
600,53.0054557132721,0.0
600,54.40106066703797,0.0
600,55.796665620803836,0.0
600,57.192270574569704,0.0
600,58.58787552833557,0.0
600,59.98348048210144,0.0
600,61.37908543586731,0.0
600,62.77469038963318,0.0
600,64.17029534339906,0.0
600,65.56590029716492,0.0
600,66.9615052509308,0.0
600,68.35711020469665,0.0
600,69.75271515846254,0.0
600,71.14832011222839,0.0
600,72.54392506599427,0.0
600,73.93953001976013,0.0
600,75.33513497352601,0.0
600,76.73073992729186,0.0
600,78.12634488105775,0.0
600,79.5219498348236,0.0
600,80.91755478858948,0.0
600,82.31315974235534,0.0
600,83.70876469612122,0.0
600,85.10436964988709,0.0
600,86.49997460365296,0.0
600,87.89557955741884,0.0
600,89.2911845111847,0.0
600,90.68678946495058,0.0
600,92.08239441871643,0.0
600,93.47799937248232,0.0
600,94.87360432624817,0.0
600,96.26920928001405,0.0
600,97.66481423377991,0.0
600,99.06041918754579,0.0
600,100.45602414131164,0.0
600,101.85162909507753,0.0
600,103.24723404884338,0.0
600,104.64283900260926,0.0
600,106.03844395637512,0.0
600,107.434048910141,0.0
600,108.82965386390686,0.0
600,110.22525881767274,0.0
600,111.6208637714386,0.0
600,113.01646872520448,0.0
600,114.41207367897034,0.0
600,115.80767863273621,0.0
600,117.2032835865021,0.0
600,118.59888854026795,0.0
600,119.99449349403383,0.0
600,121.39009844779969,0.0
600,122.78570340156557,0.0
600,124.18130835533142,0.0
600,125.5769133090973,0.0
600,126.97251826286316,0.0
600,128.36812321662904,0.0
600,129.76372817039493,0.0
600,131.15933312416075,0.0
600,132.55493807792664,0.0
600,133.95054303169252,0.0
600,135.3461479854584,0.0
600,136.74175293922423,0.0
600,138.1373578929901,0.0
600,139.532962846756,0.0
600,140.92856780052188,0.0
600,142.32417275428773,0.005061397985043043
600,143.71977770805358,0.994938602014957
600,145.11538266181947,0.0
600,146.51098761558535,0.0
600,147.9065925693512,3.201040267282531
600,149.30219752311706,5.798959732717469

700,11.13730710029602,0.0
700,12.532912054061889,0.0
700,13.92851700782776,0.0
700,15.32412196159363,0.0
700,16.719726915359498,0.0
700,18.115331869125367,0.0
700,19.51093682289124,0.0
700,20.906541776657107,0.0
700,22.302146730422976,0.0
700,23.697751684188844,0.0
700,25.093356637954713,0.0
700,26.48896159172058,0.0
700,27.88456654548645,0.0
700,29.28017149925232,0.0
700,30.67577645301819,0.0
700,32.07138140678406,0.0
700,33.46698636054993,0.0
700,34.8625913143158,0.0
700,36.25819626808167,0.0
700,37.65380122184754,0.0
700,39.049406175613406,0.0
700,40.445011129379274,0.0
700,41.84061608314514,0.0
700,43.23622103691101,0.0
700,44.63182599067688,0.0
700,46.02743094444275,0.0
700,47.423035898208624,0.0
700,48.81864085197449,0.0
700,50.21424580574036,0.0
700,51.60985075950623,0.0
700,53.0054557132721,0.0
700,54.40106066703797,0.0
700,55.796665620803836,0.0
700,57.192270574569704,0.0
700,58.58787552833557,0.0
700,59.98348048210144,0.0
700,61.37908543586731,0.0
700,62.77469038963318,0.0
700,64.17029534339906,0.0
700,65.56590029716492,0.0
700,66.9615052509308,0.0
700,68.35711020469665,0.0
700,69.75271515846254,0.0
700,71.14832011222839,0.0
700,72.54392506599427,0.0
700,73.93953001976013,0.0
700,75.33513497352601,0.0
700,76.73073992729186,0.0
700,78.12634488105775,0.0
700,79.5219498348236,0.0
700,80.91755478858948,0.0
700,82.31315974235534,0.0
700,83.70876469612122,0.0
700,85.10436964988709,0.0
700,86.49997460365296,0.0
700,87.89557955741884,0.0
700,89.2911845111847,0.0
700,90.68678946495058,0.0
700,92.08239441871643,0.0
700,93.47799937248232,0.0
700,94.87360432624817,0.0
700,96.26920928001405,0.0
700,97.66481423377991,0.0
700,99.06041918754579,0.0
700,100.45602414131164,0.0
700,101.85162909507753,0.0
700,103.24723404884338,0.0
700,104.64283900260926,0.0
700,106.03844395637512,0.0
700,107.434048910141,0.0
700,108.82965386390686,0.0
700,110.22525881767274,0.0
700,111.6208637714386,0.0
700,113.01646872520448,0.0
700,114.41207367897034,0.0
700,115.80767863273621,0.0
700,117.2032835865021,0.0
700,118.59888854026795,0.0
700,119.99449349403383,0.0
700,121.39009844779969,0.0
700,122.78570340156557,0.0
700,124.18130835533142,0.0
700,125.5769133090973,0.0
700,126.97251826286316,0.0
700,128.36812321662904,0.0
700,129.76372817039493,0.0
700,131.15933312416075,0.0
700,132.55493807792664,0.0
700,133.95054303169252,0.0
700,135.3461479854584,0.0
700,136.74175293922423,0.0
700,138.1373578929901,0.0
700,139.532962846756,0.0
700,140.92856780052188,0.0
700,142.32417275428773,0.0
700,143.71977770805358,0.0
700,145.11538266181947,0.0
700,146.51098761558535,0.0
700,147.9065925693512,1.0
700,149.30219752311706,9.0

800,11.13730710029602,0.0
800,12.532912054061889,0.0
800,13.92851700782776,0.0
800,15.32412196159363,0.0
800,16.719726915359498,0.0
800,18.115331869125367,0.0
800,19.51093682289124,0.0
800,20.906541776657107,0.0
800,22.302146730422976,0.0
800,23.697751684188844,0.0
800,25.093356637954713,0.0
800,26.48896159172058,0.0
800,27.88456654548645,0.0
800,29.28017149925232,0.0
800,30.67577645301819,0.0
800,32.07138140678406,0.0
800,33.46698636054993,0.0
800,34.8625913143158,0.0
800,36.25819626808167,0.0
800,37.65380122184754,0.0
800,39.049406175613406,0.0
800,40.445011129379274,0.0
800,41.84061608314514,0.0
800,43.23622103691101,0.0
800,44.63182599067688,0.0
800,46.02743094444275,0.0
800,47.423035898208624,0.0
800,48.81864085197449,0.0
800,50.21424580574036,0.0
800,51.60985075950623,0.0
800,53.0054557132721,0.0
800,54.40106066703797,0.0
800,55.796665620803836,0.0
800,57.192270574569704,0.0
800,58.58787552833557,0.0
800,59.98348048210144,0.0
800,61.37908543586731,0.0
800,62.77469038963318,0.0
800,64.17029534339906,0.0
800,65.56590029716492,0.0
800,66.9615052509308,0.0
800,68.35711020469665,0.0
800,69.75271515846254,0.0
800,71.14832011222839,0.0
800,72.54392506599427,0.0
800,73.93953001976013,0.0
800,75.33513497352601,0.0
800,76.73073992729186,0.0
800,78.12634488105775,0.0
800,79.5219498348236,0.0
800,80.91755478858948,0.0
800,82.31315974235534,0.0
800,83.70876469612122,0.0
800,85.10436964988709,0.0
800,86.49997460365296,0.0
800,87.89557955741884,0.0
800,89.2911845111847,0.0
800,90.68678946495058,0.0
800,92.08239441871643,0.0
800,93.47799937248232,0.0
800,94.87360432624817,0.0
800,96.26920928001405,0.0
800,97.66481423377991,0.0
800,99.06041918754579,0.0
800,100.45602414131164,0.0
800,101.85162909507753,0.0
800,103.24723404884338,0.0
800,104.64283900260926,0.0
800,106.03844395637512,0.0
800,107.434048910141,0.0
800,108.82965386390686,0.0
800,110.22525881767274,0.0
800,111.6208637714386,0.0
800,113.01646872520448,0.0
800,114.41207367897034,0.0
800,115.80767863273621,0.0
800,117.2032835865021,0.0
800,118.59888854026795,0.0
800,119.99449349403383,0.0
800,121.39009844779969,0.0
800,122.78570340156557,0.0
800,124.18130835533142,0.0
800,125.5769133090973,0.0
800,126.97251826286316,0.0
800,128.36812321662904,0.0
800,129.76372817039493,0.0
800,131.15933312416075,0.0
800,132.55493807792664,0.0
800,133.95054303169252,0.0
800,135.3461479854584,0.0
800,136.74175293922423,0.0
800,138.1373578929901,0.0
800,139.532962846756,0.0
800,140.92856780052188,0.0
800,142.32417275428773,0.0
800,143.71977770805358,0.0
800,145.11538266181947,0.0
800,146.51098761558535,0.0
800,147.9065925693512,0.0
800,149.30219752311706,10.0

900,11.13730710029602,0.0
900,12.532912054061889,0.0
900,13.92851700782776,0.0
900,15.32412196159363,0.0
900,16.719726915359498,0.0
900,18.115331869125367,0.0
900,19.51093682289124,0.0
900,20.906541776657107,0.0
900,22.302146730422976,0.0
900,23.697751684188844,0.0
900,25.093356637954713,0.0
900,26.48896159172058,0.0
900,27.88456654548645,0.0
900,29.28017149925232,0.0
900,30.67577645301819,0.0
900,32.07138140678406,0.0
900,33.46698636054993,0.0
900,34.8625913143158,0.0
900,36.25819626808167,0.0
900,37.65380122184754,0.0
900,39.049406175613406,0.0
900,40.445011129379274,0.0
900,41.84061608314514,0.0
900,43.23622103691101,0.0
900,44.63182599067688,0.0
900,46.02743094444275,0.0
900,47.423035898208624,0.0
900,48.81864085197449,0.0
900,50.21424580574036,0.0
900,51.60985075950623,0.0
900,53.0054557132721,0.0
900,54.40106066703797,0.0
900,55.796665620803836,0.0
900,57.192270574569704,0.0
900,58.58787552833557,0.0
900,59.98348048210144,0.0
900,61.37908543586731,0.0
900,62.77469038963318,0.0
900,64.17029534339906,0.0
900,65.56590029716492,0.0
900,66.9615052509308,0.0
900,68.35711020469665,0.0
900,69.75271515846254,0.0
900,71.14832011222839,0.0
900,72.54392506599427,0.0
900,73.93953001976013,0.0
900,75.33513497352601,0.0
900,76.73073992729186,0.0
900,78.12634488105775,0.0
900,79.5219498348236,0.0
900,80.91755478858948,0.0
900,82.31315974235534,0.0
900,83.70876469612122,0.0
900,85.10436964988709,0.0
900,86.49997460365296,0.0
900,87.89557955741884,0.0
900,89.2911845111847,0.0
900,90.68678946495058,0.0
900,92.08239441871643,0.0
900,93.47799937248232,0.0
900,94.87360432624817,0.0
900,96.26920928001405,0.0
900,97.66481423377991,0.0
900,99.06041918754579,0.0
900,100.45602414131164,0.0
900,101.85162909507753,0.0
900,103.24723404884338,0.0
900,104.64283900260926,0.0
900,106.03844395637512,0.0
900,107.434048910141,0.0
900,108.82965386390686,0.0
900,110.22525881767274,0.0
900,111.6208637714386,0.0
900,113.01646872520448,0.0
900,114.41207367897034,0.0
900,115.80767863273621,0.0
900,117.2032835865021,0.0
900,118.59888854026795,0.0
900,119.99449349403383,0.0
900,121.39009844779969,0.0
900,122.78570340156557,0.0
900,124.18130835533142,0.0
900,125.5769133090973,0.0
900,126.97251826286316,0.0
900,128.36812321662904,0.0
900,129.76372817039493,0.0
900,131.15933312416075,0.0
900,132.55493807792664,0.0
900,133.95054303169252,0.0
900,135.3461479854584,0.0
900,136.74175293922423,0.0
900,138.1373578929901,0.0
900,139.532962846756,0.0
900,140.92856780052188,0.0
900,142.32417275428773,0.0
900,143.71977770805358,0.0
900,145.11538266181947,0.0
900,146.51098761558535,0.0
900,147.9065925693512,0.0
900,149.30219752311706,10.0

1000,11.13730710029602,0.0
1000,12.532912054061889,0.0
1000,13.92851700782776,0.0
1000,15.32412196159363,0.0
1000,16.719726915359498,0.0
1000,18.115331869125367,0.0
1000,19.51093682289124,0.0
1000,20.906541776657107,0.0
1000,22.302146730422976,0.0
1000,23.697751684188844,0.0
1000,25.093356637954713,0.0
1000,26.48896159172058,0.0
1000,27.88456654548645,0.0
1000,29.28017149925232,0.0
1000,30.67577645301819,0.0
1000,32.07138140678406,0.0
1000,33.46698636054993,0.0
1000,34.8625913143158,0.0
1000,36.25819626808167,0.0
1000,37.65380122184754,0.0
1000,39.049406175613406,0.0
1000,40.445011129379274,0.0
1000,41.84061608314514,0.0
1000,43.23622103691101,0.0
1000,44.63182599067688,0.0
1000,46.02743094444275,0.0
1000,47.423035898208624,0.0
1000,48.81864085197449,0.0
1000,50.21424580574036,0.0
1000,51.60985075950623,0.0
1000,53.0054557132721,0.0
1000,54.40106066703797,0.0
1000,55.796665620803836,0.0
1000,57.192270574569704,0.0
1000,58.58787552833557,0.0
1000,59.98348048210144,0.0
1000,61.37908543586731,0.0
1000,62.77469038963318,0.0
1000,64.17029534339906,0.0
1000,65.56590029716492,0.0
1000,66.9615052509308,0.0
1000,68.35711020469665,0.0
1000,69.75271515846254,0.0
1000,71.14832011222839,0.0
1000,72.54392506599427,0.0
1000,73.93953001976013,0.0
1000,75.33513497352601,0.0
1000,76.73073992729186,0.0
1000,78.12634488105775,0.0
1000,79.5219498348236,0.0
1000,80.91755478858948,0.0
1000,82.31315974235534,0.0
1000,83.70876469612122,0.0
1000,85.10436964988709,0.0
1000,86.49997460365296,0.0
1000,87.89557955741884,0.0
1000,89.2911845111847,0.0
1000,90.68678946495058,0.0
1000,92.08239441871643,0.0
1000,93.47799937248232,0.0
1000,94.87360432624817,0.0
1000,96.26920928001405,0.0
1000,97.66481423377991,0.0
1000,99.06041918754579,0.0
1000,100.45602414131164,0.0
1000,101.85162909507753,0.0
1000,103.24723404884338,0.0
1000,104.64283900260926,0.0
1000,106.03844395637512,0.0
1000,107.434048910141,0.0
1000,108.82965386390686,0.0
1000,110.22525881767274,0.0
1000,111.6208637714386,0.0
1000,113.01646872520448,0.0
1000,114.41207367897034,0.0
1000,115.80767863273621,0.0
1000,117.2032835865021,0.0
1000,118.59888854026795,0.0
1000,119.99449349403383,0.0
1000,121.39009844779969,0.0
1000,122.78570340156557,0.0
1000,124.18130835533142,0.0
1000,125.5769133090973,0.0
1000,126.97251826286316,0.0
1000,128.36812321662904,0.0
1000,129.76372817039493,0.0
1000,131.15933312416075,0.0
1000,132.55493807792664,0.0
1000,133.95054303169252,0.0
1000,135.3461479854584,0.0
1000,136.74175293922423,0.0
1000,138.1373578929901,0.0
1000,139.532962846756,0.0
1000,140.92856780052188,0.0
1000,142.32417275428773,0.0
1000,143.71977770805358,0.0
1000,145.11538266181947,0.0
1000,146.51098761558535,0.0
1000,147.9065925693512,0.0
1000,149.30219752311706,10.0

1100,11.13730710029602,0.0
1100,12.532912054061889,0.0
1100,13.92851700782776,0.0
1100,15.32412196159363,0.0
1100,16.719726915359498,0.0
1100,18.115331869125367,0.0
1100,19.51093682289124,0.0
1100,20.906541776657107,0.0
1100,22.302146730422976,0.0
1100,23.697751684188844,0.0
1100,25.093356637954713,0.0
1100,26.48896159172058,0.0
1100,27.88456654548645,0.0
1100,29.28017149925232,0.0
1100,30.67577645301819,0.0
1100,32.07138140678406,0.0
1100,33.46698636054993,0.0
1100,34.8625913143158,0.0
1100,36.25819626808167,0.0
1100,37.65380122184754,0.0
1100,39.049406175613406,0.0
1100,40.445011129379274,0.0
1100,41.84061608314514,0.0
1100,43.23622103691101,0.0
1100,44.63182599067688,0.0
1100,46.02743094444275,0.0
1100,47.423035898208624,0.0
1100,48.81864085197449,0.0
1100,50.21424580574036,0.0
1100,51.60985075950623,0.0
1100,53.0054557132721,0.0
1100,54.40106066703797,0.0
1100,55.796665620803836,0.0
1100,57.192270574569704,0.0
1100,58.58787552833557,0.0
1100,59.98348048210144,0.0
1100,61.37908543586731,0.0
1100,62.77469038963318,0.0
1100,64.17029534339906,0.0
1100,65.56590029716492,0.0
1100,66.9615052509308,0.0
1100,68.35711020469665,0.0
1100,69.75271515846254,0.0
1100,71.14832011222839,0.0
1100,72.54392506599427,0.0
1100,73.93953001976013,0.0
1100,75.33513497352601,0.0
1100,76.73073992729186,0.0
1100,78.12634488105775,0.0
1100,79.5219498348236,0.0
1100,80.91755478858948,0.0
1100,82.31315974235534,0.0
1100,83.70876469612122,0.0
1100,85.10436964988709,0.0
1100,86.49997460365296,0.0
1100,87.89557955741884,0.0
1100,89.2911845111847,0.0
1100,90.68678946495058,0.0
1100,92.08239441871643,0.0
1100,93.47799937248232,0.0
1100,94.87360432624817,0.0
1100,96.26920928001405,0.0
1100,97.66481423377991,0.0
1100,99.06041918754579,0.0
1100,100.45602414131164,0.0
1100,101.85162909507753,0.0
1100,103.24723404884338,0.0
1100,104.64283900260926,0.0
1100,106.03844395637512,0.0
1100,107.434048910141,0.0
1100,108.82965386390686,0.0
1100,110.22525881767274,0.0
1100,111.6208637714386,0.0
1100,113.01646872520448,0.0
1100,114.41207367897034,0.0
1100,115.80767863273621,0.0
1100,117.2032835865021,0.0
1100,118.59888854026795,0.0
1100,119.99449349403383,0.0
1100,121.39009844779969,0.0
1100,122.78570340156557,0.0
1100,124.18130835533142,0.0
1100,125.5769133090973,0.0
1100,126.97251826286316,0.0
1100,128.36812321662904,0.0
1100,129.76372817039493,0.0
1100,131.15933312416075,0.0
1100,132.55493807792664,0.0
1100,133.95054303169252,0.0
1100,135.3461479854584,0.0
1100,136.74175293922423,0.0
1100,138.1373578929901,0.0
1100,139.532962846756,0.0
1100,140.92856780052188,0.0
1100,142.32417275428773,0.0
1100,143.71977770805358,0.0
1100,145.11538266181947,0.0
1100,146.51098761558535,0.0
1100,147.9065925693512,0.0
1100,149.30219752311706,10.0

1200,11.13730710029602,0.0
1200,12.532912054061889,0.0
1200,13.92851700782776,0.0
1200,15.32412196159363,0.0
1200,16.719726915359498,0.0
1200,18.115331869125367,0.0
1200,19.51093682289124,0.0
1200,20.906541776657107,0.0
1200,22.302146730422976,0.0
1200,23.697751684188844,0.0
1200,25.093356637954713,0.0
1200,26.48896159172058,0.0
1200,27.88456654548645,0.0
1200,29.28017149925232,0.0
1200,30.67577645301819,0.0
1200,32.07138140678406,0.0
1200,33.46698636054993,0.0
1200,34.8625913143158,0.0
1200,36.25819626808167,0.0
1200,37.65380122184754,0.0
1200,39.049406175613406,0.0
1200,40.445011129379274,0.0
1200,41.84061608314514,0.0
1200,43.23622103691101,0.0
1200,44.63182599067688,0.0
1200,46.02743094444275,0.0
1200,47.423035898208624,0.0
1200,48.81864085197449,0.0
1200,50.21424580574036,0.0
1200,51.60985075950623,0.0
1200,53.0054557132721,0.0
1200,54.40106066703797,0.0
1200,55.796665620803836,0.0
1200,57.192270574569704,0.0
1200,58.58787552833557,0.0
1200,59.98348048210144,0.0
1200,61.37908543586731,0.0
1200,62.77469038963318,0.0
1200,64.17029534339906,0.0
1200,65.56590029716492,0.0
1200,66.9615052509308,0.0
1200,68.35711020469665,0.0
1200,69.75271515846254,0.0
1200,71.14832011222839,0.0
1200,72.54392506599427,0.0
1200,73.93953001976013,0.0
1200,75.33513497352601,0.0
1200,76.73073992729186,0.0
1200,78.12634488105775,0.0
1200,79.5219498348236,0.0
1200,80.91755478858948,0.0
1200,82.31315974235534,0.0
1200,83.70876469612122,0.0
1200,85.10436964988709,0.0
1200,86.49997460365296,0.0
1200,87.89557955741884,0.0
1200,89.2911845111847,0.0
1200,90.68678946495058,0.0
1200,92.08239441871643,0.0
1200,93.47799937248232,0.0
1200,94.87360432624817,0.0
1200,96.26920928001405,0.0
1200,97.66481423377991,0.0
1200,99.06041918754579,0.0
1200,100.45602414131164,0.0
1200,101.85162909507753,0.0
1200,103.24723404884338,0.0
1200,104.64283900260926,0.0
1200,106.03844395637512,0.0
1200,107.434048910141,0.0
1200,108.82965386390686,0.0
1200,110.22525881767274,0.0
1200,111.6208637714386,0.0
1200,113.01646872520448,0.0
1200,114.41207367897034,0.0
1200,115.80767863273621,0.0
1200,117.2032835865021,0.0
1200,118.59888854026795,0.0
1200,119.99449349403383,0.0
1200,121.39009844779969,0.0
1200,122.78570340156557,0.0
1200,124.18130835533142,0.0
1200,125.5769133090973,0.0
1200,126.97251826286316,0.0
1200,128.36812321662904,0.0
1200,129.76372817039493,0.0
1200,131.15933312416075,0.0
1200,132.55493807792664,0.0
1200,133.95054303169252,0.0
1200,135.3461479854584,0.0
1200,136.74175293922423,0.0
1200,138.1373578929901,0.0
1200,139.532962846756,0.0
1200,140.92856780052188,0.0
1200,142.32417275428773,0.0
1200,143.71977770805358,0.0
1200,145.11538266181947,0.0
1200,146.51098761558535,0.0
1200,147.9065925693512,0.0
1200,149.30219752311706,10.0

1300,11.13730710029602,0.0
1300,12.532912054061889,0.0
1300,13.92851700782776,0.0
1300,15.32412196159363,0.0
1300,16.719726915359498,0.0
1300,18.115331869125367,0.0
1300,19.51093682289124,0.0
1300,20.906541776657107,0.0
1300,22.302146730422976,0.0
1300,23.697751684188844,0.0
1300,25.093356637954713,0.0
1300,26.48896159172058,0.0
1300,27.88456654548645,0.0
1300,29.28017149925232,0.0
1300,30.67577645301819,0.0
1300,32.07138140678406,0.0
1300,33.46698636054993,0.0
1300,34.8625913143158,0.0
1300,36.25819626808167,0.0
1300,37.65380122184754,0.0
1300,39.049406175613406,0.0
1300,40.445011129379274,0.0
1300,41.84061608314514,0.0
1300,43.23622103691101,0.0
1300,44.63182599067688,0.0
1300,46.02743094444275,0.0
1300,47.423035898208624,0.0
1300,48.81864085197449,0.0
1300,50.21424580574036,0.0
1300,51.60985075950623,0.0
1300,53.0054557132721,0.0
1300,54.40106066703797,0.0
1300,55.796665620803836,0.0
1300,57.192270574569704,0.0
1300,58.58787552833557,0.0
1300,59.98348048210144,0.0
1300,61.37908543586731,0.0
1300,62.77469038963318,0.0
1300,64.17029534339906,0.0
1300,65.56590029716492,0.0
1300,66.9615052509308,0.0
1300,68.35711020469665,0.0
1300,69.75271515846254,0.0
1300,71.14832011222839,0.0
1300,72.54392506599427,0.0
1300,73.93953001976013,0.0
1300,75.33513497352601,0.0
1300,76.73073992729186,0.0
1300,78.12634488105775,0.0
1300,79.5219498348236,0.0
1300,80.91755478858948,0.0
1300,82.31315974235534,0.0
1300,83.70876469612122,0.0
1300,85.10436964988709,0.0
1300,86.49997460365296,0.0
1300,87.89557955741884,0.0
1300,89.2911845111847,0.0
1300,90.68678946495058,0.0
1300,92.08239441871643,0.0
1300,93.47799937248232,0.0
1300,94.87360432624817,0.0
1300,96.26920928001405,0.0
1300,97.66481423377991,0.0
1300,99.06041918754579,0.0
1300,100.45602414131164,0.0
1300,101.85162909507753,0.0
1300,103.24723404884338,0.0
1300,104.64283900260926,0.0
1300,106.03844395637512,0.0
1300,107.434048910141,0.0
1300,108.82965386390686,0.0
1300,110.22525881767274,0.0
1300,111.6208637714386,0.0
1300,113.01646872520448,0.0
1300,114.41207367897034,0.0
1300,115.80767863273621,0.0
1300,117.2032835865021,0.0
1300,118.59888854026795,0.0
1300,119.99449349403383,0.0
1300,121.39009844779969,0.0
1300,122.78570340156557,0.0
1300,124.18130835533142,0.0
1300,125.5769133090973,0.0
1300,126.97251826286316,0.0
1300,128.36812321662904,0.0
1300,129.76372817039493,0.0
1300,131.15933312416075,0.0
1300,132.55493807792664,0.0
1300,133.95054303169252,0.0
1300,135.3461479854584,0.0
1300,136.74175293922423,0.0
1300,138.1373578929901,0.0
1300,139.532962846756,0.0
1300,140.92856780052188,0.0
1300,142.32417275428773,0.0
1300,143.71977770805358,0.0
1300,145.11538266181947,0.0
1300,146.51098761558535,0.0
1300,147.9065925693512,0.0
1300,149.30219752311706,10.0

1400,11.13730710029602,0.0
1400,12.532912054061889,0.0
1400,13.92851700782776,0.0
1400,15.32412196159363,0.0
1400,16.719726915359498,0.0
1400,18.115331869125367,0.0
1400,19.51093682289124,0.0
1400,20.906541776657107,0.0
1400,22.302146730422976,0.0
1400,23.697751684188844,0.0
1400,25.093356637954713,0.0
1400,26.48896159172058,0.0
1400,27.88456654548645,0.0
1400,29.28017149925232,0.0
1400,30.67577645301819,0.0
1400,32.07138140678406,0.0
1400,33.46698636054993,0.0
1400,34.8625913143158,0.0
1400,36.25819626808167,0.0
1400,37.65380122184754,0.0
1400,39.049406175613406,0.0
1400,40.445011129379274,0.0
1400,41.84061608314514,0.0
1400,43.23622103691101,0.0
1400,44.63182599067688,0.0
1400,46.02743094444275,0.0
1400,47.423035898208624,0.0
1400,48.81864085197449,0.0
1400,50.21424580574036,0.0
1400,51.60985075950623,0.0
1400,53.0054557132721,0.0
1400,54.40106066703797,0.0
1400,55.796665620803836,0.0
1400,57.192270574569704,0.0
1400,58.58787552833557,0.0
1400,59.98348048210144,0.0
1400,61.37908543586731,0.0
1400,62.77469038963318,0.0
1400,64.17029534339906,0.0
1400,65.56590029716492,0.0
1400,66.9615052509308,0.0
1400,68.35711020469665,0.0
1400,69.75271515846254,0.0
1400,71.14832011222839,0.0
1400,72.54392506599427,0.0
1400,73.93953001976013,0.0
1400,75.33513497352601,0.0
1400,76.73073992729186,0.0
1400,78.12634488105775,0.0
1400,79.5219498348236,0.0
1400,80.91755478858948,0.0
1400,82.31315974235534,0.0
1400,83.70876469612122,0.0
1400,85.10436964988709,0.0
1400,86.49997460365296,0.0
1400,87.89557955741884,0.0
1400,89.2911845111847,0.0
1400,90.68678946495058,0.0
1400,92.08239441871643,0.0
1400,93.47799937248232,0.0
1400,94.87360432624817,0.0
1400,96.26920928001405,0.0
1400,97.66481423377991,0.0
1400,99.06041918754579,0.0
1400,100.45602414131164,0.0
1400,101.85162909507753,0.0
1400,103.24723404884338,0.0
1400,104.64283900260926,0.0
1400,106.03844395637512,0.0
1400,107.434048910141,0.0
1400,108.82965386390686,0.0
1400,110.22525881767274,0.0
1400,111.6208637714386,0.0
1400,113.01646872520448,0.0
1400,114.41207367897034,0.0
1400,115.80767863273621,0.0
1400,117.2032835865021,0.0
1400,118.59888854026795,0.0
1400,119.99449349403383,0.0
1400,121.39009844779969,0.0
1400,122.78570340156557,0.0
1400,124.18130835533142,0.0
1400,125.5769133090973,0.0
1400,126.97251826286316,0.0
1400,128.36812321662904,0.0
1400,129.76372817039493,0.0
1400,131.15933312416075,0.0
1400,132.55493807792664,0.0
1400,133.95054303169252,0.0
1400,135.3461479854584,0.0
1400,136.74175293922423,0.0
1400,138.1373578929901,0.0
1400,139.532962846756,0.0
1400,140.92856780052188,0.0
1400,142.32417275428773,0.0
1400,143.71977770805358,0.0
1400,145.11538266181947,0.0
1400,146.51098761558535,0.0
1400,147.9065925693512,0.0
1400,149.30219752311706,10.0

1500,11.13730710029602,0.0
1500,12.532912054061889,0.0
1500,13.92851700782776,0.0
1500,15.32412196159363,0.0
1500,16.719726915359498,0.0
1500,18.115331869125367,0.0
1500,19.51093682289124,0.0
1500,20.906541776657107,0.0
1500,22.302146730422976,0.0
1500,23.697751684188844,0.0
1500,25.093356637954713,0.0
1500,26.48896159172058,0.0
1500,27.88456654548645,0.0
1500,29.28017149925232,0.0
1500,30.67577645301819,0.0
1500,32.07138140678406,0.0
1500,33.46698636054993,0.0
1500,34.8625913143158,0.0
1500,36.25819626808167,0.0
1500,37.65380122184754,0.0
1500,39.049406175613406,0.0
1500,40.445011129379274,0.0
1500,41.84061608314514,0.0
1500,43.23622103691101,0.0
1500,44.63182599067688,0.0
1500,46.02743094444275,0.0
1500,47.423035898208624,0.0
1500,48.81864085197449,0.0
1500,50.21424580574036,0.0
1500,51.60985075950623,0.0
1500,53.0054557132721,0.0
1500,54.40106066703797,0.0
1500,55.796665620803836,0.0
1500,57.192270574569704,0.0
1500,58.58787552833557,0.0
1500,59.98348048210144,0.0
1500,61.37908543586731,0.0
1500,62.77469038963318,0.0
1500,64.17029534339906,0.0
1500,65.56590029716492,0.0
1500,66.9615052509308,0.0
1500,68.35711020469665,0.0
1500,69.75271515846254,0.0
1500,71.14832011222839,0.0
1500,72.54392506599427,0.0
1500,73.93953001976013,0.0
1500,75.33513497352601,0.0
1500,76.73073992729186,0.0
1500,78.12634488105775,0.0
1500,79.5219498348236,0.0
1500,80.91755478858948,0.0
1500,82.31315974235534,0.0
1500,83.70876469612122,0.0
1500,85.10436964988709,0.0
1500,86.49997460365296,0.0
1500,87.89557955741884,0.0
1500,89.2911845111847,0.0
1500,90.68678946495058,0.0
1500,92.08239441871643,0.0
1500,93.47799937248232,0.0
1500,94.87360432624817,0.0
1500,96.26920928001405,0.0
1500,97.66481423377991,0.0
1500,99.06041918754579,0.0
1500,100.45602414131164,0.0
1500,101.85162909507753,0.0
1500,103.24723404884338,0.0
1500,104.64283900260926,0.0
1500,106.03844395637512,0.0
1500,107.434048910141,0.0
1500,108.82965386390686,0.0
1500,110.22525881767274,0.0
1500,111.6208637714386,0.0
1500,113.01646872520448,0.0
1500,114.41207367897034,0.0
1500,115.80767863273621,0.0
1500,117.2032835865021,0.0
1500,118.59888854026795,0.0
1500,119.99449349403383,0.0
1500,121.39009844779969,0.0
1500,122.78570340156557,0.0
1500,124.18130835533142,0.0
1500,125.5769133090973,0.0
1500,126.97251826286316,0.0
1500,128.36812321662904,0.0
1500,129.76372817039493,0.0
1500,131.15933312416075,0.0
1500,132.55493807792664,0.0
1500,133.95054303169252,0.0
1500,135.3461479854584,0.0
1500,136.74175293922423,0.0
1500,138.1373578929901,0.0
1500,139.532962846756,0.0
1500,140.92856780052188,0.0
1500,142.32417275428773,0.0
1500,143.71977770805358,0.0
1500,145.11538266181947,0.0
1500,146.51098761558535,0.0
1500,147.9065925693512,0.0
1500,149.30219752311706,10.0

1600,11.13730710029602,0.0
1600,12.532912054061889,0.0
1600,13.92851700782776,0.0
1600,15.32412196159363,0.0
1600,16.719726915359498,0.0
1600,18.115331869125367,0.0
1600,19.51093682289124,0.0
1600,20.906541776657107,0.0
1600,22.302146730422976,0.0
1600,23.697751684188844,0.0
1600,25.093356637954713,0.0
1600,26.48896159172058,0.0
1600,27.88456654548645,0.0
1600,29.28017149925232,0.0
1600,30.67577645301819,0.0
1600,32.07138140678406,0.0
1600,33.46698636054993,0.0
1600,34.8625913143158,0.0
1600,36.25819626808167,0.0
1600,37.65380122184754,0.0
1600,39.049406175613406,0.0
1600,40.445011129379274,0.0
1600,41.84061608314514,0.0
1600,43.23622103691101,0.0
1600,44.63182599067688,0.0
1600,46.02743094444275,0.0
1600,47.423035898208624,0.0
1600,48.81864085197449,0.0
1600,50.21424580574036,0.0
1600,51.60985075950623,0.0
1600,53.0054557132721,0.0
1600,54.40106066703797,0.0
1600,55.796665620803836,0.0
1600,57.192270574569704,0.0
1600,58.58787552833557,0.0
1600,59.98348048210144,0.0
1600,61.37908543586731,0.0
1600,62.77469038963318,0.0
1600,64.17029534339906,0.0
1600,65.56590029716492,0.0
1600,66.9615052509308,0.0
1600,68.35711020469665,0.0
1600,69.75271515846254,0.0
1600,71.14832011222839,0.0
1600,72.54392506599427,0.0
1600,73.93953001976013,0.0
1600,75.33513497352601,0.0
1600,76.73073992729186,0.0
1600,78.12634488105775,0.0
1600,79.5219498348236,0.0
1600,80.91755478858948,0.0
1600,82.31315974235534,0.0
1600,83.70876469612122,0.0
1600,85.10436964988709,0.0
1600,86.49997460365296,0.0
1600,87.89557955741884,0.0
1600,89.2911845111847,0.0
1600,90.68678946495058,0.0
1600,92.08239441871643,0.0
1600,93.47799937248232,0.0
1600,94.87360432624817,0.0
1600,96.26920928001405,0.0
1600,97.66481423377991,0.0
1600,99.06041918754579,0.0
1600,100.45602414131164,0.0
1600,101.85162909507753,0.0
1600,103.24723404884338,0.0
1600,104.64283900260926,0.0
1600,106.03844395637512,0.0
1600,107.434048910141,0.0
1600,108.82965386390686,0.0
1600,110.22525881767274,0.0
1600,111.6208637714386,0.0
1600,113.01646872520448,0.0
1600,114.41207367897034,0.0
1600,115.80767863273621,0.0
1600,117.2032835865021,0.0
1600,118.59888854026795,0.0
1600,119.99449349403383,0.0
1600,121.39009844779969,0.0
1600,122.78570340156557,0.0
1600,124.18130835533142,0.0
1600,125.5769133090973,0.0
1600,126.97251826286316,0.0
1600,128.36812321662904,0.0
1600,129.76372817039493,0.0
1600,131.15933312416075,0.0
1600,132.55493807792664,0.0
1600,133.95054303169252,0.0
1600,135.3461479854584,0.0
1600,136.74175293922423,0.0
1600,138.1373578929901,0.0
1600,139.532962846756,0.0
1600,140.92856780052188,0.0
1600,142.32417275428773,0.0
1600,143.71977770805358,0.0
1600,145.11538266181947,0.0
1600,146.51098761558535,0.0
1600,147.9065925693512,0.0
1600,149.30219752311706,10.0

1700,11.13730710029602,0.0
1700,12.532912054061889,0.0
1700,13.92851700782776,0.0
1700,15.32412196159363,0.0
1700,16.719726915359498,0.0
1700,18.115331869125367,0.0
1700,19.51093682289124,0.0
1700,20.906541776657107,0.0
1700,22.302146730422976,0.0
1700,23.697751684188844,0.0
1700,25.093356637954713,0.0
1700,26.48896159172058,0.0
1700,27.88456654548645,0.0
1700,29.28017149925232,0.0
1700,30.67577645301819,0.0
1700,32.07138140678406,0.0
1700,33.46698636054993,0.0
1700,34.8625913143158,0.0
1700,36.25819626808167,0.0
1700,37.65380122184754,0.0
1700,39.049406175613406,0.0
1700,40.445011129379274,0.0
1700,41.84061608314514,0.0
1700,43.23622103691101,0.0
1700,44.63182599067688,0.0
1700,46.02743094444275,0.0
1700,47.423035898208624,0.0
1700,48.81864085197449,0.0
1700,50.21424580574036,0.0
1700,51.60985075950623,0.0
1700,53.0054557132721,0.0
1700,54.40106066703797,0.0
1700,55.796665620803836,0.0
1700,57.192270574569704,0.0
1700,58.58787552833557,0.0
1700,59.98348048210144,0.0
1700,61.37908543586731,0.0
1700,62.77469038963318,0.0
1700,64.17029534339906,0.0
1700,65.56590029716492,0.0
1700,66.9615052509308,0.0
1700,68.35711020469665,0.0
1700,69.75271515846254,0.0
1700,71.14832011222839,0.0
1700,72.54392506599427,0.0
1700,73.93953001976013,0.0
1700,75.33513497352601,0.0
1700,76.73073992729186,0.0
1700,78.12634488105775,0.0
1700,79.5219498348236,0.0
1700,80.91755478858948,0.0
1700,82.31315974235534,0.0
1700,83.70876469612122,0.0
1700,85.10436964988709,0.0
1700,86.49997460365296,0.0
1700,87.89557955741884,0.0
1700,89.2911845111847,0.0
1700,90.68678946495058,0.0
1700,92.08239441871643,0.0
1700,93.47799937248232,0.0
1700,94.87360432624817,0.0
1700,96.26920928001405,0.0
1700,97.66481423377991,0.0
1700,99.06041918754579,0.0
1700,100.45602414131164,0.0
1700,101.85162909507753,0.0
1700,103.24723404884338,0.0
1700,104.64283900260926,0.0
1700,106.03844395637512,0.0
1700,107.434048910141,0.0
1700,108.82965386390686,0.0
1700,110.22525881767274,0.0
1700,111.6208637714386,0.0
1700,113.01646872520448,0.0
1700,114.41207367897034,0.0
1700,115.80767863273621,0.0
1700,117.2032835865021,0.0
1700,118.59888854026795,0.0
1700,119.99449349403383,0.0
1700,121.39009844779969,0.0
1700,122.78570340156557,0.0
1700,124.18130835533142,0.0
1700,125.5769133090973,0.0
1700,126.97251826286316,0.0
1700,128.36812321662904,0.0
1700,129.76372817039493,0.0
1700,131.15933312416075,0.0
1700,132.55493807792664,0.0
1700,133.95054303169252,0.0
1700,135.3461479854584,0.0
1700,136.74175293922423,0.0
1700,138.1373578929901,0.0
1700,139.532962846756,0.0
1700,140.92856780052188,0.0
1700,142.32417275428773,0.0
1700,143.71977770805358,0.0
1700,145.11538266181947,0.0
1700,146.51098761558535,0.0
1700,147.9065925693512,0.0
1700,149.30219752311706,10.0

1800,11.13730710029602,0.0
1800,12.532912054061889,0.0
1800,13.92851700782776,0.0
1800,15.32412196159363,0.0
1800,16.719726915359498,0.0
1800,18.115331869125367,0.0
1800,19.51093682289124,0.0
1800,20.906541776657107,0.0
1800,22.302146730422976,0.0
1800,23.697751684188844,0.0
1800,25.093356637954713,0.0
1800,26.48896159172058,0.0
1800,27.88456654548645,0.0
1800,29.28017149925232,0.0
1800,30.67577645301819,0.0
1800,32.07138140678406,0.0
1800,33.46698636054993,0.0
1800,34.8625913143158,0.0
1800,36.25819626808167,0.0
1800,37.65380122184754,0.0
1800,39.049406175613406,0.0
1800,40.445011129379274,0.0
1800,41.84061608314514,0.0
1800,43.23622103691101,0.0
1800,44.63182599067688,0.0
1800,46.02743094444275,0.0
1800,47.423035898208624,0.0
1800,48.81864085197449,0.0
1800,50.21424580574036,0.0
1800,51.60985075950623,0.0
1800,53.0054557132721,0.0
1800,54.40106066703797,0.0
1800,55.796665620803836,0.0
1800,57.192270574569704,0.0
1800,58.58787552833557,0.0
1800,59.98348048210144,0.0
1800,61.37908543586731,0.0
1800,62.77469038963318,0.0
1800,64.17029534339906,0.0
1800,65.56590029716492,0.0
1800,66.9615052509308,0.0
1800,68.35711020469665,0.0
1800,69.75271515846254,0.0
1800,71.14832011222839,0.0
1800,72.54392506599427,0.0
1800,73.93953001976013,0.0
1800,75.33513497352601,0.0
1800,76.73073992729186,0.0
1800,78.12634488105775,0.0
1800,79.5219498348236,0.0
1800,80.91755478858948,0.0
1800,82.31315974235534,0.0
1800,83.70876469612122,0.0
1800,85.10436964988709,0.0
1800,86.49997460365296,0.0
1800,87.89557955741884,0.0
1800,89.2911845111847,0.0
1800,90.68678946495058,0.0
1800,92.08239441871643,0.0
1800,93.47799937248232,0.0
1800,94.87360432624817,0.0
1800,96.26920928001405,0.0
1800,97.66481423377991,0.0
1800,99.06041918754579,0.0
1800,100.45602414131164,0.0
1800,101.85162909507753,0.0
1800,103.24723404884338,0.0
1800,104.64283900260926,0.0
1800,106.03844395637512,0.0
1800,107.434048910141,0.0
1800,108.82965386390686,0.0
1800,110.22525881767274,0.0
1800,111.6208637714386,0.0
1800,113.01646872520448,0.0
1800,114.41207367897034,0.0
1800,115.80767863273621,0.0
1800,117.2032835865021,0.0
1800,118.59888854026795,0.0
1800,119.99449349403383,0.0
1800,121.39009844779969,0.0
1800,122.78570340156557,0.0
1800,124.18130835533142,0.0
1800,125.5769133090973,0.0
1800,126.97251826286316,0.0
1800,128.36812321662904,0.0
1800,129.76372817039493,0.0
1800,131.15933312416075,0.0
1800,132.55493807792664,0.0
1800,133.95054303169252,0.0
1800,135.3461479854584,0.0
1800,136.74175293922423,0.0
1800,138.1373578929901,0.0
1800,139.532962846756,0.0
1800,140.92856780052188,0.0
1800,142.32417275428773,0.0
1800,143.71977770805358,0.0
1800,145.11538266181947,0.0
1800,146.51098761558535,0.0
1800,147.9065925693512,0.0
1800,149.30219752311706,10.0

1900,11.13730710029602,0.0
1900,12.532912054061889,0.0
1900,13.92851700782776,0.0
1900,15.32412196159363,0.0
1900,16.719726915359498,0.0
1900,18.115331869125367,0.0
1900,19.51093682289124,0.0
1900,20.906541776657107,0.0
1900,22.302146730422976,0.0
1900,23.697751684188844,0.0
1900,25.093356637954713,0.0
1900,26.48896159172058,0.0
1900,27.88456654548645,0.0
1900,29.28017149925232,0.0
1900,30.67577645301819,0.0
1900,32.07138140678406,0.0
1900,33.46698636054993,0.0
1900,34.8625913143158,0.0
1900,36.25819626808167,0.0
1900,37.65380122184754,0.0
1900,39.049406175613406,0.0
1900,40.445011129379274,0.0
1900,41.84061608314514,0.0
1900,43.23622103691101,0.0
1900,44.63182599067688,0.0
1900,46.02743094444275,0.0
1900,47.423035898208624,0.0
1900,48.81864085197449,0.0
1900,50.21424580574036,0.0
1900,51.60985075950623,0.0
1900,53.0054557132721,0.0
1900,54.40106066703797,0.0
1900,55.796665620803836,0.0
1900,57.192270574569704,0.0
1900,58.58787552833557,0.0
1900,59.98348048210144,0.0
1900,61.37908543586731,0.0
1900,62.77469038963318,0.0
1900,64.17029534339906,0.0
1900,65.56590029716492,0.0
1900,66.9615052509308,0.0
1900,68.35711020469665,0.0
1900,69.75271515846254,0.0
1900,71.14832011222839,0.0
1900,72.54392506599427,0.0
1900,73.93953001976013,0.0
1900,75.33513497352601,0.0
1900,76.73073992729186,0.0
1900,78.12634488105775,0.0
1900,79.5219498348236,0.0
1900,80.91755478858948,0.0
1900,82.31315974235534,0.0
1900,83.70876469612122,0.0
1900,85.10436964988709,0.0
1900,86.49997460365296,0.0
1900,87.89557955741884,0.0
1900,89.2911845111847,0.0
1900,90.68678946495058,0.0
1900,92.08239441871643,0.0
1900,93.47799937248232,0.0
1900,94.87360432624817,0.0
1900,96.26920928001405,0.0
1900,97.66481423377991,0.0
1900,99.06041918754579,0.0
1900,100.45602414131164,0.0
1900,101.85162909507753,0.0
1900,103.24723404884338,0.0
1900,104.64283900260926,0.0
1900,106.03844395637512,0.0
1900,107.434048910141,0.0
1900,108.82965386390686,0.0
1900,110.22525881767274,0.0
1900,111.6208637714386,0.0
1900,113.01646872520448,0.0
1900,114.41207367897034,0.0
1900,115.80767863273621,0.0
1900,117.2032835865021,0.0
1900,118.59888854026795,0.0
1900,119.99449349403383,0.0
1900,121.39009844779969,0.0
1900,122.78570340156557,0.0
1900,124.18130835533142,0.0
1900,125.5769133090973,0.0
1900,126.97251826286316,0.0
1900,128.36812321662904,0.0
1900,129.76372817039493,0.0
1900,131.15933312416075,0.0
1900,132.55493807792664,0.0
1900,133.95054303169252,0.0
1900,135.3461479854584,0.0
1900,136.74175293922423,0.0
1900,138.1373578929901,0.0
1900,139.532962846756,0.0
1900,140.92856780052188,0.0
1900,142.32417275428773,0.0
1900,143.71977770805358,0.0
1900,145.11538266181947,0.0
1900,146.51098761558535,0.0
1900,147.9065925693512,0.0
1900,149.30219752311706,10.0

2000,11.13730710029602,0.0
2000,12.532912054061889,0.0
2000,13.92851700782776,0.0
2000,15.32412196159363,0.0
2000,16.719726915359498,0.0
2000,18.115331869125367,0.0
2000,19.51093682289124,0.0
2000,20.906541776657107,0.0
2000,22.302146730422976,0.0
2000,23.697751684188844,0.0
2000,25.093356637954713,0.0
2000,26.48896159172058,0.0
2000,27.88456654548645,0.0
2000,29.28017149925232,0.0
2000,30.67577645301819,0.0
2000,32.07138140678406,0.0
2000,33.46698636054993,0.0
2000,34.8625913143158,0.0
2000,36.25819626808167,0.0
2000,37.65380122184754,0.0
2000,39.049406175613406,0.0
2000,40.445011129379274,0.0
2000,41.84061608314514,0.0
2000,43.23622103691101,0.0
2000,44.63182599067688,0.0
2000,46.02743094444275,0.0
2000,47.423035898208624,0.0
2000,48.81864085197449,0.0
2000,50.21424580574036,0.0
2000,51.60985075950623,0.0
2000,53.0054557132721,0.0
2000,54.40106066703797,0.0
2000,55.796665620803836,0.0
2000,57.192270574569704,0.0
2000,58.58787552833557,0.0
2000,59.98348048210144,0.0
2000,61.37908543586731,0.0
2000,62.77469038963318,0.0
2000,64.17029534339906,0.0
2000,65.56590029716492,0.0
2000,66.9615052509308,0.0
2000,68.35711020469665,0.0
2000,69.75271515846254,0.0
2000,71.14832011222839,0.0
2000,72.54392506599427,0.0
2000,73.93953001976013,0.0
2000,75.33513497352601,0.0
2000,76.73073992729186,0.0
2000,78.12634488105775,0.0
2000,79.5219498348236,0.0
2000,80.91755478858948,0.0
2000,82.31315974235534,0.0
2000,83.70876469612122,0.0
2000,85.10436964988709,0.0
2000,86.49997460365296,0.0
2000,87.89557955741884,0.0
2000,89.2911845111847,0.0
2000,90.68678946495058,0.0
2000,92.08239441871643,0.0
2000,93.47799937248232,0.0
2000,94.87360432624817,0.0
2000,96.26920928001405,0.0
2000,97.66481423377991,0.0
2000,99.06041918754579,0.0
2000,100.45602414131164,0.0
2000,101.85162909507753,0.0
2000,103.24723404884338,0.0
2000,104.64283900260926,0.0
2000,106.03844395637512,0.0
2000,107.434048910141,0.0
2000,108.82965386390686,0.0
2000,110.22525881767274,0.0
2000,111.6208637714386,0.0
2000,113.01646872520448,0.0
2000,114.41207367897034,0.0
2000,115.80767863273621,0.0
2000,117.2032835865021,0.0
2000,118.59888854026795,0.0
2000,119.99449349403383,0.0
2000,121.39009844779969,0.0
2000,122.78570340156557,0.0
2000,124.18130835533142,0.0
2000,125.5769133090973,0.0
2000,126.97251826286316,0.0
2000,128.36812321662904,0.0
2000,129.76372817039493,0.0
2000,131.15933312416075,0.0
2000,132.55493807792664,0.0
2000,133.95054303169252,0.0
2000,135.3461479854584,0.0
2000,136.74175293922423,0.0
2000,138.1373578929901,0.0
2000,139.532962846756,0.0
2000,140.92856780052188,0.0
2000,142.32417275428773,0.0
2000,143.71977770805358,0.0
2000,145.11538266181947,0.0
2000,146.51098761558535,0.0
2000,147.9065925693512,0.0
2000,149.30219752311706,10.0

2100,11.13730710029602,0.0
2100,12.532912054061889,0.0
2100,13.92851700782776,0.0
2100,15.32412196159363,0.0
2100,16.719726915359498,0.0
2100,18.115331869125367,0.0
2100,19.51093682289124,0.0
2100,20.906541776657107,0.0
2100,22.302146730422976,0.0
2100,23.697751684188844,0.0
2100,25.093356637954713,0.0
2100,26.48896159172058,0.0
2100,27.88456654548645,0.0
2100,29.28017149925232,0.0
2100,30.67577645301819,0.0
2100,32.07138140678406,0.0
2100,33.46698636054993,0.0
2100,34.8625913143158,0.0
2100,36.25819626808167,0.0
2100,37.65380122184754,0.0
2100,39.049406175613406,0.0
2100,40.445011129379274,0.0
2100,41.84061608314514,0.0
2100,43.23622103691101,0.0
2100,44.63182599067688,0.0
2100,46.02743094444275,0.0
2100,47.423035898208624,0.0
2100,48.81864085197449,0.0
2100,50.21424580574036,0.0
2100,51.60985075950623,0.0
2100,53.0054557132721,0.0
2100,54.40106066703797,0.0
2100,55.796665620803836,0.0
2100,57.192270574569704,0.0
2100,58.58787552833557,0.0
2100,59.98348048210144,0.0
2100,61.37908543586731,0.0
2100,62.77469038963318,0.0
2100,64.17029534339906,0.0
2100,65.56590029716492,0.0
2100,66.9615052509308,0.0
2100,68.35711020469665,0.0
2100,69.75271515846254,0.0
2100,71.14832011222839,0.0
2100,72.54392506599427,0.0
2100,73.93953001976013,0.0
2100,75.33513497352601,0.0
2100,76.73073992729186,0.0
2100,78.12634488105775,0.0
2100,79.5219498348236,0.0
2100,80.91755478858948,0.0
2100,82.31315974235534,0.0
2100,83.70876469612122,0.0
2100,85.10436964988709,0.0
2100,86.49997460365296,0.0
2100,87.89557955741884,0.0
2100,89.2911845111847,0.0
2100,90.68678946495058,0.0
2100,92.08239441871643,0.0
2100,93.47799937248232,0.0
2100,94.87360432624817,0.0
2100,96.26920928001405,0.0
2100,97.66481423377991,0.0
2100,99.06041918754579,0.0
2100,100.45602414131164,0.0
2100,101.85162909507753,0.0
2100,103.24723404884338,0.0
2100,104.64283900260926,0.0
2100,106.03844395637512,0.0
2100,107.434048910141,0.0
2100,108.82965386390686,0.0
2100,110.22525881767274,0.0
2100,111.6208637714386,0.0
2100,113.01646872520448,0.0
2100,114.41207367897034,0.0
2100,115.80767863273621,0.0
2100,117.2032835865021,0.0
2100,118.59888854026795,0.0
2100,119.99449349403383,0.0
2100,121.39009844779969,0.0
2100,122.78570340156557,0.0
2100,124.18130835533142,0.0
2100,125.5769133090973,0.0
2100,126.97251826286316,0.0
2100,128.36812321662904,0.0
2100,129.76372817039493,0.0
2100,131.15933312416075,0.0
2100,132.55493807792664,0.0
2100,133.95054303169252,0.0
2100,135.3461479854584,0.0
2100,136.74175293922423,0.0
2100,138.1373578929901,0.0
2100,139.532962846756,0.0
2100,140.92856780052188,0.0
2100,142.32417275428773,0.0
2100,143.71977770805358,0.0
2100,145.11538266181947,0.0
2100,146.51098761558535,0.0
2100,147.9065925693512,0.0
2100,149.30219752311706,10.0

2200,11.13730710029602,0.0
2200,12.532912054061889,0.0
2200,13.92851700782776,0.0
2200,15.32412196159363,0.0
2200,16.719726915359498,0.0
2200,18.115331869125367,0.0
2200,19.51093682289124,0.0
2200,20.906541776657107,0.0
2200,22.302146730422976,0.0
2200,23.697751684188844,0.0
2200,25.093356637954713,0.0
2200,26.48896159172058,0.0
2200,27.88456654548645,0.0
2200,29.28017149925232,0.0
2200,30.67577645301819,0.0
2200,32.07138140678406,0.0
2200,33.46698636054993,0.0
2200,34.8625913143158,0.0
2200,36.25819626808167,0.0
2200,37.65380122184754,0.0
2200,39.049406175613406,0.0
2200,40.445011129379274,0.0
2200,41.84061608314514,0.0
2200,43.23622103691101,0.0
2200,44.63182599067688,0.0
2200,46.02743094444275,0.0
2200,47.423035898208624,0.0
2200,48.81864085197449,0.0
2200,50.21424580574036,0.0
2200,51.60985075950623,0.0
2200,53.0054557132721,0.0
2200,54.40106066703797,0.0
2200,55.796665620803836,0.0
2200,57.192270574569704,0.0
2200,58.58787552833557,0.0
2200,59.98348048210144,0.0
2200,61.37908543586731,0.0
2200,62.77469038963318,0.0
2200,64.17029534339906,0.0
2200,65.56590029716492,0.0
2200,66.9615052509308,0.0
2200,68.35711020469665,0.0
2200,69.75271515846254,0.0
2200,71.14832011222839,0.0
2200,72.54392506599427,0.0
2200,73.93953001976013,0.0
2200,75.33513497352601,0.0
2200,76.73073992729186,0.0
2200,78.12634488105775,0.0
2200,79.5219498348236,0.0
2200,80.91755478858948,0.0
2200,82.31315974235534,0.0
2200,83.70876469612122,0.0
2200,85.10436964988709,0.0
2200,86.49997460365296,0.0
2200,87.89557955741884,0.0
2200,89.2911845111847,0.0
2200,90.68678946495058,0.0
2200,92.08239441871643,0.0
2200,93.47799937248232,0.0
2200,94.87360432624817,0.0
2200,96.26920928001405,0.0
2200,97.66481423377991,0.0
2200,99.06041918754579,0.0
2200,100.45602414131164,0.0
2200,101.85162909507753,0.0
2200,103.24723404884338,0.0
2200,104.64283900260926,0.0
2200,106.03844395637512,0.0
2200,107.434048910141,0.0
2200,108.82965386390686,0.0
2200,110.22525881767274,0.0
2200,111.6208637714386,0.0
2200,113.01646872520448,0.0
2200,114.41207367897034,0.0
2200,115.80767863273621,0.0
2200,117.2032835865021,0.0
2200,118.59888854026795,0.0
2200,119.99449349403383,0.0
2200,121.39009844779969,0.0
2200,122.78570340156557,0.0
2200,124.18130835533142,0.0
2200,125.5769133090973,0.0
2200,126.97251826286316,0.0
2200,128.36812321662904,0.0
2200,129.76372817039493,0.0
2200,131.15933312416075,0.0
2200,132.55493807792664,0.0
2200,133.95054303169252,0.0
2200,135.3461479854584,0.0
2200,136.74175293922423,0.0
2200,138.1373578929901,0.0
2200,139.532962846756,0.0
2200,140.92856780052188,0.0
2200,142.32417275428773,0.0
2200,143.71977770805358,0.0
2200,145.11538266181947,0.0
2200,146.51098761558535,0.0
2200,147.9065925693512,0.0
2200,149.30219752311706,10.0

2300,11.13730710029602,0.0
2300,12.532912054061889,0.0
2300,13.92851700782776,0.0
2300,15.32412196159363,0.0
2300,16.719726915359498,0.0
2300,18.115331869125367,0.0
2300,19.51093682289124,0.0
2300,20.906541776657107,0.0
2300,22.302146730422976,0.0
2300,23.697751684188844,0.0
2300,25.093356637954713,0.0
2300,26.48896159172058,0.0
2300,27.88456654548645,0.0
2300,29.28017149925232,0.0
2300,30.67577645301819,0.0
2300,32.07138140678406,0.0
2300,33.46698636054993,0.0
2300,34.8625913143158,0.0
2300,36.25819626808167,0.0
2300,37.65380122184754,0.0
2300,39.049406175613406,0.0
2300,40.445011129379274,0.0
2300,41.84061608314514,0.0
2300,43.23622103691101,0.0
2300,44.63182599067688,0.0
2300,46.02743094444275,0.0
2300,47.423035898208624,0.0
2300,48.81864085197449,0.0
2300,50.21424580574036,0.0
2300,51.60985075950623,0.0
2300,53.0054557132721,0.0
2300,54.40106066703797,0.0
2300,55.796665620803836,0.0
2300,57.192270574569704,0.0
2300,58.58787552833557,0.0
2300,59.98348048210144,0.0
2300,61.37908543586731,0.0
2300,62.77469038963318,0.0
2300,64.17029534339906,0.0
2300,65.56590029716492,0.0
2300,66.9615052509308,0.0
2300,68.35711020469665,0.0
2300,69.75271515846254,0.0
2300,71.14832011222839,0.0
2300,72.54392506599427,0.0
2300,73.93953001976013,0.0
2300,75.33513497352601,0.0
2300,76.73073992729186,0.0
2300,78.12634488105775,0.0
2300,79.5219498348236,0.0
2300,80.91755478858948,0.0
2300,82.31315974235534,0.0
2300,83.70876469612122,0.0
2300,85.10436964988709,0.0
2300,86.49997460365296,0.0
2300,87.89557955741884,0.0
2300,89.2911845111847,0.0
2300,90.68678946495058,0.0
2300,92.08239441871643,0.0
2300,93.47799937248232,0.0
2300,94.87360432624817,0.0
2300,96.26920928001405,0.0
2300,97.66481423377991,0.0
2300,99.06041918754579,0.0
2300,100.45602414131164,0.0
2300,101.85162909507753,0.0
2300,103.24723404884338,0.0
2300,104.64283900260926,0.0
2300,106.03844395637512,0.0
2300,107.434048910141,0.0
2300,108.82965386390686,0.0
2300,110.22525881767274,0.0
2300,111.6208637714386,0.0
2300,113.01646872520448,0.0
2300,114.41207367897034,0.0
2300,115.80767863273621,0.0
2300,117.2032835865021,0.0
2300,118.59888854026795,0.0
2300,119.99449349403383,0.0
2300,121.39009844779969,0.0
2300,122.78570340156557,0.0
2300,124.18130835533142,0.0
2300,125.5769133090973,0.0
2300,126.97251826286316,0.0
2300,128.36812321662904,0.0
2300,129.76372817039493,0.0
2300,131.15933312416075,0.0
2300,132.55493807792664,0.0
2300,133.95054303169252,0.0
2300,135.3461479854584,0.0
2300,136.74175293922423,0.0
2300,138.1373578929901,0.0
2300,139.532962846756,0.0
2300,140.92856780052188,0.0
2300,142.32417275428773,0.0
2300,143.71977770805358,0.0
2300,145.11538266181947,0.0
2300,146.51098761558535,0.0
2300,147.9065925693512,0.0
2300,149.30219752311706,10.0

2400,11.13730710029602,0.0
2400,12.532912054061889,0.0
2400,13.92851700782776,0.0
2400,15.32412196159363,0.0
2400,16.719726915359498,0.0
2400,18.115331869125367,0.0
2400,19.51093682289124,0.0
2400,20.906541776657107,0.0
2400,22.302146730422976,0.0
2400,23.697751684188844,0.0
2400,25.093356637954713,0.0
2400,26.48896159172058,0.0
2400,27.88456654548645,0.0
2400,29.28017149925232,0.0
2400,30.67577645301819,0.0
2400,32.07138140678406,0.0
2400,33.46698636054993,0.0
2400,34.8625913143158,0.0
2400,36.25819626808167,0.0
2400,37.65380122184754,0.0
2400,39.049406175613406,0.0
2400,40.445011129379274,0.0
2400,41.84061608314514,0.0
2400,43.23622103691101,0.0
2400,44.63182599067688,0.0
2400,46.02743094444275,0.0
2400,47.423035898208624,0.0
2400,48.81864085197449,0.0
2400,50.21424580574036,0.0
2400,51.60985075950623,0.0
2400,53.0054557132721,0.0
2400,54.40106066703797,0.0
2400,55.796665620803836,0.0
2400,57.192270574569704,0.0
2400,58.58787552833557,0.0
2400,59.98348048210144,0.0
2400,61.37908543586731,0.0
2400,62.77469038963318,0.0
2400,64.17029534339906,0.0
2400,65.56590029716492,0.0
2400,66.9615052509308,0.0
2400,68.35711020469665,0.0
2400,69.75271515846254,0.0
2400,71.14832011222839,0.0
2400,72.54392506599427,0.0
2400,73.93953001976013,0.0
2400,75.33513497352601,0.0
2400,76.73073992729186,0.0
2400,78.12634488105775,0.0
2400,79.5219498348236,0.0
2400,80.91755478858948,0.0
2400,82.31315974235534,0.0
2400,83.70876469612122,0.0
2400,85.10436964988709,0.0
2400,86.49997460365296,0.0
2400,87.89557955741884,0.0
2400,89.2911845111847,0.0
2400,90.68678946495058,0.0
2400,92.08239441871643,0.0
2400,93.47799937248232,0.0
2400,94.87360432624817,0.0
2400,96.26920928001405,0.0
2400,97.66481423377991,0.0
2400,99.06041918754579,0.0
2400,100.45602414131164,0.0
2400,101.85162909507753,0.0
2400,103.24723404884338,0.0
2400,104.64283900260926,0.0
2400,106.03844395637512,0.0
2400,107.434048910141,0.0
2400,108.82965386390686,0.0
2400,110.22525881767274,0.0
2400,111.6208637714386,0.0
2400,113.01646872520448,0.0
2400,114.41207367897034,0.0
2400,115.80767863273621,0.0
2400,117.2032835865021,0.0
2400,118.59888854026795,0.0
2400,119.99449349403383,0.0
2400,121.39009844779969,0.0
2400,122.78570340156557,0.0
2400,124.18130835533142,0.0
2400,125.5769133090973,0.0
2400,126.97251826286316,0.0
2400,128.36812321662904,0.0
2400,129.76372817039493,0.0
2400,131.15933312416075,0.0
2400,132.55493807792664,0.0
2400,133.95054303169252,0.0
2400,135.3461479854584,0.0
2400,136.74175293922423,0.0
2400,138.1373578929901,0.0
2400,139.532962846756,0.0
2400,140.92856780052188,0.0
2400,142.32417275428773,0.0
2400,143.71977770805358,0.0
2400,145.11538266181947,0.0
2400,146.51098761558535,0.0
2400,147.9065925693512,0.0
2400,149.30219752311706,10.0

2500,11.13730710029602,0.0
2500,12.532912054061889,0.0
2500,13.92851700782776,0.0
2500,15.32412196159363,0.0
2500,16.719726915359498,0.0
2500,18.115331869125367,0.0
2500,19.51093682289124,0.0
2500,20.906541776657107,0.0
2500,22.302146730422976,0.0
2500,23.697751684188844,0.0
2500,25.093356637954713,0.0
2500,26.48896159172058,0.0
2500,27.88456654548645,0.0
2500,29.28017149925232,0.0
2500,30.67577645301819,0.0
2500,32.07138140678406,0.0
2500,33.46698636054993,0.0
2500,34.8625913143158,0.0
2500,36.25819626808167,0.0
2500,37.65380122184754,0.0
2500,39.049406175613406,0.0
2500,40.445011129379274,0.0
2500,41.84061608314514,0.0
2500,43.23622103691101,0.0
2500,44.63182599067688,0.0
2500,46.02743094444275,0.0
2500,47.423035898208624,0.0
2500,48.81864085197449,0.0
2500,50.21424580574036,0.0
2500,51.60985075950623,0.0
2500,53.0054557132721,0.0
2500,54.40106066703797,0.0
2500,55.796665620803836,0.0
2500,57.192270574569704,0.0
2500,58.58787552833557,0.0
2500,59.98348048210144,0.0
2500,61.37908543586731,0.0
2500,62.77469038963318,0.0
2500,64.17029534339906,0.0
2500,65.56590029716492,0.0
2500,66.9615052509308,0.0
2500,68.35711020469665,0.0
2500,69.75271515846254,0.0
2500,71.14832011222839,0.0
2500,72.54392506599427,0.0
2500,73.93953001976013,0.0
2500,75.33513497352601,0.0
2500,76.73073992729186,0.0
2500,78.12634488105775,0.0
2500,79.5219498348236,0.0
2500,80.91755478858948,0.0
2500,82.31315974235534,0.0
2500,83.70876469612122,0.0
2500,85.10436964988709,0.0
2500,86.49997460365296,0.0
2500,87.89557955741884,0.0
2500,89.2911845111847,0.0
2500,90.68678946495058,0.0
2500,92.08239441871643,0.0
2500,93.47799937248232,0.0
2500,94.87360432624817,0.0
2500,96.26920928001405,0.0
2500,97.66481423377991,0.0
2500,99.06041918754579,0.0
2500,100.45602414131164,0.0
2500,101.85162909507753,0.0
2500,103.24723404884338,0.0
2500,104.64283900260926,0.0
2500,106.03844395637512,0.0
2500,107.434048910141,0.0
2500,108.82965386390686,0.0
2500,110.22525881767274,0.0
2500,111.6208637714386,0.0
2500,113.01646872520448,0.0
2500,114.41207367897034,0.0
2500,115.80767863273621,0.0
2500,117.2032835865021,0.0
2500,118.59888854026795,0.0
2500,119.99449349403383,0.0
2500,121.39009844779969,0.0
2500,122.78570340156557,0.0
2500,124.18130835533142,0.0
2500,125.5769133090973,0.0
2500,126.97251826286316,0.0
2500,128.36812321662904,0.0
2500,129.76372817039493,0.0
2500,131.15933312416075,0.0
2500,132.55493807792664,0.0
2500,133.95054303169252,0.0
2500,135.3461479854584,0.0
2500,136.74175293922423,0.0
2500,138.1373578929901,0.0
2500,139.532962846756,0.0
2500,140.92856780052188,0.0
2500,142.32417275428773,0.0
2500,143.71977770805358,0.0
2500,145.11538266181947,0.0
2500,146.51098761558535,0.0
2500,147.9065925693512,0.0
2500,149.30219752311706,10.0

2600,11.13730710029602,0.0
2600,12.532912054061889,0.0
2600,13.92851700782776,0.0
2600,15.32412196159363,0.0
2600,16.719726915359498,0.0
2600,18.115331869125367,0.0
2600,19.51093682289124,0.0
2600,20.906541776657107,0.0
2600,22.302146730422976,0.0
2600,23.697751684188844,0.0
2600,25.093356637954713,0.0
2600,26.48896159172058,0.0
2600,27.88456654548645,0.0
2600,29.28017149925232,0.0
2600,30.67577645301819,0.0
2600,32.07138140678406,0.0
2600,33.46698636054993,0.0
2600,34.8625913143158,0.0
2600,36.25819626808167,0.0
2600,37.65380122184754,0.0
2600,39.049406175613406,0.0
2600,40.445011129379274,0.0
2600,41.84061608314514,0.0
2600,43.23622103691101,0.0
2600,44.63182599067688,0.0
2600,46.02743094444275,0.0
2600,47.423035898208624,0.0
2600,48.81864085197449,0.0
2600,50.21424580574036,0.0
2600,51.60985075950623,0.0
2600,53.0054557132721,0.0
2600,54.40106066703797,0.0
2600,55.796665620803836,0.0
2600,57.192270574569704,0.0
2600,58.58787552833557,0.0
2600,59.98348048210144,0.0
2600,61.37908543586731,0.0
2600,62.77469038963318,0.0
2600,64.17029534339906,0.0
2600,65.56590029716492,0.0
2600,66.9615052509308,0.0
2600,68.35711020469665,0.0
2600,69.75271515846254,0.0
2600,71.14832011222839,0.0
2600,72.54392506599427,0.0
2600,73.93953001976013,0.0
2600,75.33513497352601,0.0
2600,76.73073992729186,0.0
2600,78.12634488105775,0.0
2600,79.5219498348236,0.0
2600,80.91755478858948,0.0
2600,82.31315974235534,0.0
2600,83.70876469612122,0.0
2600,85.10436964988709,0.0
2600,86.49997460365296,0.0
2600,87.89557955741884,0.0
2600,89.2911845111847,0.0
2600,90.68678946495058,0.0
2600,92.08239441871643,0.0
2600,93.47799937248232,0.0
2600,94.87360432624817,0.0
2600,96.26920928001405,0.0
2600,97.66481423377991,0.0
2600,99.06041918754579,0.0
2600,100.45602414131164,0.0
2600,101.85162909507753,0.0
2600,103.24723404884338,0.0
2600,104.64283900260926,0.0
2600,106.03844395637512,0.0
2600,107.434048910141,0.0
2600,108.82965386390686,0.0
2600,110.22525881767274,0.0
2600,111.6208637714386,0.0
2600,113.01646872520448,0.0
2600,114.41207367897034,0.0
2600,115.80767863273621,0.0
2600,117.2032835865021,0.0
2600,118.59888854026795,0.0
2600,119.99449349403383,0.0
2600,121.39009844779969,0.0
2600,122.78570340156557,0.0
2600,124.18130835533142,0.0
2600,125.5769133090973,0.0
2600,126.97251826286316,0.0
2600,128.36812321662904,0.0
2600,129.76372817039493,0.0
2600,131.15933312416075,0.0
2600,132.55493807792664,0.0
2600,133.95054303169252,0.0
2600,135.3461479854584,0.0
2600,136.74175293922423,0.0
2600,138.1373578929901,0.0
2600,139.532962846756,0.0
2600,140.92856780052188,0.0
2600,142.32417275428773,0.0
2600,143.71977770805358,0.0
2600,145.11538266181947,0.0
2600,146.51098761558535,0.0
2600,147.9065925693512,0.0
2600,149.30219752311706,10.0

2700,11.13730710029602,0.0
2700,12.532912054061889,0.0
2700,13.92851700782776,0.0
2700,15.32412196159363,0.0
2700,16.719726915359498,0.0
2700,18.115331869125367,0.0
2700,19.51093682289124,0.0
2700,20.906541776657107,0.0
2700,22.302146730422976,0.0
2700,23.697751684188844,0.0
2700,25.093356637954713,0.0
2700,26.48896159172058,0.0
2700,27.88456654548645,0.0
2700,29.28017149925232,0.0
2700,30.67577645301819,0.0
2700,32.07138140678406,0.0
2700,33.46698636054993,0.0
2700,34.8625913143158,0.0
2700,36.25819626808167,0.0
2700,37.65380122184754,0.0
2700,39.049406175613406,0.0
2700,40.445011129379274,0.0
2700,41.84061608314514,0.0
2700,43.23622103691101,0.0
2700,44.63182599067688,0.0
2700,46.02743094444275,0.0
2700,47.423035898208624,0.0
2700,48.81864085197449,0.0
2700,50.21424580574036,0.0
2700,51.60985075950623,0.0
2700,53.0054557132721,0.0
2700,54.40106066703797,0.0
2700,55.796665620803836,0.0
2700,57.192270574569704,0.0
2700,58.58787552833557,0.0
2700,59.98348048210144,0.0
2700,61.37908543586731,0.0
2700,62.77469038963318,0.0
2700,64.17029534339906,0.0
2700,65.56590029716492,0.0
2700,66.9615052509308,0.0
2700,68.35711020469665,0.0
2700,69.75271515846254,0.0
2700,71.14832011222839,0.0
2700,72.54392506599427,0.0
2700,73.93953001976013,0.0
2700,75.33513497352601,0.0
2700,76.73073992729186,0.0
2700,78.12634488105775,0.0
2700,79.5219498348236,0.0
2700,80.91755478858948,0.0
2700,82.31315974235534,0.0
2700,83.70876469612122,0.0
2700,85.10436964988709,0.0
2700,86.49997460365296,0.0
2700,87.89557955741884,0.0
2700,89.2911845111847,0.0
2700,90.68678946495058,0.0
2700,92.08239441871643,0.0
2700,93.47799937248232,0.0
2700,94.87360432624817,0.0
2700,96.26920928001405,0.0
2700,97.66481423377991,0.0
2700,99.06041918754579,0.0
2700,100.45602414131164,0.0
2700,101.85162909507753,0.0
2700,103.24723404884338,0.0
2700,104.64283900260926,0.0
2700,106.03844395637512,0.0
2700,107.434048910141,0.0
2700,108.82965386390686,0.0
2700,110.22525881767274,0.0
2700,111.6208637714386,0.0
2700,113.01646872520448,0.0
2700,114.41207367897034,0.0
2700,115.80767863273621,0.0
2700,117.2032835865021,0.0
2700,118.59888854026795,0.0
2700,119.99449349403383,0.0
2700,121.39009844779969,0.0
2700,122.78570340156557,0.0
2700,124.18130835533142,0.0
2700,125.5769133090973,0.0
2700,126.97251826286316,0.0
2700,128.36812321662904,0.0
2700,129.76372817039493,0.0
2700,131.15933312416075,0.0
2700,132.55493807792664,0.0
2700,133.95054303169252,0.0
2700,135.3461479854584,0.0
2700,136.74175293922423,0.0
2700,138.1373578929901,0.0
2700,139.532962846756,0.0
2700,140.92856780052188,0.0
2700,142.32417275428773,0.0
2700,143.71977770805358,0.0
2700,145.11538266181947,0.0
2700,146.51098761558535,0.0
2700,147.9065925693512,0.0
2700,149.30219752311706,10.0

2800,11.13730710029602,0.0
2800,12.532912054061889,0.0
2800,13.92851700782776,0.0
2800,15.32412196159363,0.0
2800,16.719726915359498,0.0
2800,18.115331869125367,0.0
2800,19.51093682289124,0.0
2800,20.906541776657107,0.0
2800,22.302146730422976,0.0
2800,23.697751684188844,0.0
2800,25.093356637954713,0.0
2800,26.48896159172058,0.0
2800,27.88456654548645,0.0
2800,29.28017149925232,0.0
2800,30.67577645301819,0.0
2800,32.07138140678406,0.0
2800,33.46698636054993,0.0
2800,34.8625913143158,0.0
2800,36.25819626808167,0.0
2800,37.65380122184754,0.0
2800,39.049406175613406,0.0
2800,40.445011129379274,0.0
2800,41.84061608314514,0.0
2800,43.23622103691101,0.0
2800,44.63182599067688,0.0
2800,46.02743094444275,0.0
2800,47.423035898208624,0.0
2800,48.81864085197449,0.0
2800,50.21424580574036,0.0
2800,51.60985075950623,0.0
2800,53.0054557132721,0.0
2800,54.40106066703797,0.0
2800,55.796665620803836,0.0
2800,57.192270574569704,0.0
2800,58.58787552833557,0.0
2800,59.98348048210144,0.0
2800,61.37908543586731,0.0
2800,62.77469038963318,0.0
2800,64.17029534339906,0.0
2800,65.56590029716492,0.0
2800,66.9615052509308,0.0
2800,68.35711020469665,0.0
2800,69.75271515846254,0.0
2800,71.14832011222839,0.0
2800,72.54392506599427,0.0
2800,73.93953001976013,0.0
2800,75.33513497352601,0.0
2800,76.73073992729186,0.0
2800,78.12634488105775,0.0
2800,79.5219498348236,0.0
2800,80.91755478858948,0.0
2800,82.31315974235534,0.0
2800,83.70876469612122,0.0
2800,85.10436964988709,0.0
2800,86.49997460365296,0.0
2800,87.89557955741884,0.0
2800,89.2911845111847,0.0
2800,90.68678946495058,0.0
2800,92.08239441871643,0.0
2800,93.47799937248232,0.0
2800,94.87360432624817,0.0
2800,96.26920928001405,0.0
2800,97.66481423377991,0.0
2800,99.06041918754579,0.0
2800,100.45602414131164,0.0
2800,101.85162909507753,0.0
2800,103.24723404884338,0.0
2800,104.64283900260926,0.0
2800,106.03844395637512,0.0
2800,107.434048910141,0.0
2800,108.82965386390686,0.0
2800,110.22525881767274,0.0
2800,111.6208637714386,0.0
2800,113.01646872520448,0.0
2800,114.41207367897034,0.0
2800,115.80767863273621,0.0
2800,117.2032835865021,0.0
2800,118.59888854026795,0.0
2800,119.99449349403383,0.0
2800,121.39009844779969,0.0
2800,122.78570340156557,0.0
2800,124.18130835533142,0.0
2800,125.5769133090973,0.0
2800,126.97251826286316,0.0
2800,128.36812321662904,0.0
2800,129.76372817039493,0.0
2800,131.15933312416075,0.0
2800,132.55493807792664,0.0
2800,133.95054303169252,0.0
2800,135.3461479854584,0.0
2800,136.74175293922423,0.0
2800,138.1373578929901,0.0
2800,139.532962846756,0.0
2800,140.92856780052188,0.0
2800,142.32417275428773,0.0
2800,143.71977770805358,0.0
2800,145.11538266181947,0.0
2800,146.51098761558535,0.0
2800,147.9065925693512,0.0
2800,149.30219752311706,10.0

2900,11.13730710029602,0.0
2900,12.532912054061889,0.0
2900,13.92851700782776,0.0
2900,15.32412196159363,0.0
2900,16.719726915359498,0.0
2900,18.115331869125367,0.0
2900,19.51093682289124,0.0
2900,20.906541776657107,0.0
2900,22.302146730422976,0.0
2900,23.697751684188844,0.0
2900,25.093356637954713,0.0
2900,26.48896159172058,0.0
2900,27.88456654548645,0.0
2900,29.28017149925232,0.0
2900,30.67577645301819,0.0
2900,32.07138140678406,0.0
2900,33.46698636054993,0.0
2900,34.8625913143158,0.0
2900,36.25819626808167,0.0
2900,37.65380122184754,0.0
2900,39.049406175613406,0.0
2900,40.445011129379274,0.0
2900,41.84061608314514,0.0
2900,43.23622103691101,0.0
2900,44.63182599067688,0.0
2900,46.02743094444275,0.0
2900,47.423035898208624,0.0
2900,48.81864085197449,0.0
2900,50.21424580574036,0.0
2900,51.60985075950623,0.0
2900,53.0054557132721,0.0
2900,54.40106066703797,0.0
2900,55.796665620803836,0.0
2900,57.192270574569704,0.0
2900,58.58787552833557,0.0
2900,59.98348048210144,0.0
2900,61.37908543586731,0.0
2900,62.77469038963318,0.0
2900,64.17029534339906,0.0
2900,65.56590029716492,0.0
2900,66.9615052509308,0.0
2900,68.35711020469665,0.0
2900,69.75271515846254,0.0
2900,71.14832011222839,0.0
2900,72.54392506599427,0.0
2900,73.93953001976013,0.0
2900,75.33513497352601,0.0
2900,76.73073992729186,0.0
2900,78.12634488105775,0.0
2900,79.5219498348236,0.0
2900,80.91755478858948,0.0
2900,82.31315974235534,0.0
2900,83.70876469612122,0.0
2900,85.10436964988709,0.0
2900,86.49997460365296,0.0
2900,87.89557955741884,0.0
2900,89.2911845111847,0.0
2900,90.68678946495058,0.0
2900,92.08239441871643,0.0
2900,93.47799937248232,0.0
2900,94.87360432624817,0.0
2900,96.26920928001405,0.0
2900,97.66481423377991,0.0
2900,99.06041918754579,0.0
2900,100.45602414131164,0.0
2900,101.85162909507753,0.0
2900,103.24723404884338,0.0
2900,104.64283900260926,0.0
2900,106.03844395637512,0.0
2900,107.434048910141,0.0
2900,108.82965386390686,0.0
2900,110.22525881767274,0.0
2900,111.6208637714386,0.0
2900,113.01646872520448,0.0
2900,114.41207367897034,0.0
2900,115.80767863273621,0.0
2900,117.2032835865021,0.0
2900,118.59888854026795,0.0
2900,119.99449349403383,0.0
2900,121.39009844779969,0.0
2900,122.78570340156557,0.0
2900,124.18130835533142,0.0
2900,125.5769133090973,0.0
2900,126.97251826286316,0.0
2900,128.36812321662904,0.0
2900,129.76372817039493,0.0
2900,131.15933312416075,0.0
2900,132.55493807792664,0.0
2900,133.95054303169252,0.0
2900,135.3461479854584,0.0
2900,136.74175293922423,0.0
2900,138.1373578929901,0.0
2900,139.532962846756,0.0
2900,140.92856780052188,0.0
2900,142.32417275428773,0.0
2900,143.71977770805358,0.0
2900,145.11538266181947,0.0
2900,146.51098761558535,0.0
2900,147.9065925693512,0.0
2900,149.30219752311706,10.0

3000,11.13730710029602,0.0
3000,12.532912054061889,0.0
3000,13.92851700782776,0.0
3000,15.32412196159363,0.0
3000,16.719726915359498,0.0
3000,18.115331869125367,0.0
3000,19.51093682289124,0.0
3000,20.906541776657107,0.0
3000,22.302146730422976,0.0
3000,23.697751684188844,0.0
3000,25.093356637954713,0.0
3000,26.48896159172058,0.0
3000,27.88456654548645,0.0
3000,29.28017149925232,0.0
3000,30.67577645301819,0.0
3000,32.07138140678406,0.0
3000,33.46698636054993,0.0
3000,34.8625913143158,0.0
3000,36.25819626808167,0.0
3000,37.65380122184754,0.0
3000,39.049406175613406,0.0
3000,40.445011129379274,0.0
3000,41.84061608314514,0.0
3000,43.23622103691101,0.0
3000,44.63182599067688,0.0
3000,46.02743094444275,0.0
3000,47.423035898208624,0.0
3000,48.81864085197449,0.0
3000,50.21424580574036,0.0
3000,51.60985075950623,0.0
3000,53.0054557132721,0.0
3000,54.40106066703797,0.0
3000,55.796665620803836,0.0
3000,57.192270574569704,0.0
3000,58.58787552833557,0.0
3000,59.98348048210144,0.0
3000,61.37908543586731,0.0
3000,62.77469038963318,0.0
3000,64.17029534339906,0.0
3000,65.56590029716492,0.0
3000,66.9615052509308,0.0
3000,68.35711020469665,0.0
3000,69.75271515846254,0.0
3000,71.14832011222839,0.0
3000,72.54392506599427,0.0
3000,73.93953001976013,0.0
3000,75.33513497352601,0.0
3000,76.73073992729186,0.0
3000,78.12634488105775,0.0
3000,79.5219498348236,0.0
3000,80.91755478858948,0.0
3000,82.31315974235534,0.0
3000,83.70876469612122,0.0
3000,85.10436964988709,0.0
3000,86.49997460365296,0.0
3000,87.89557955741884,0.0
3000,89.2911845111847,0.0
3000,90.68678946495058,0.0
3000,92.08239441871643,0.0
3000,93.47799937248232,0.0
3000,94.87360432624817,0.0
3000,96.26920928001405,0.0
3000,97.66481423377991,0.0
3000,99.06041918754579,0.0
3000,100.45602414131164,0.0
3000,101.85162909507753,0.0
3000,103.24723404884338,0.0
3000,104.64283900260926,0.0
3000,106.03844395637512,0.0
3000,107.434048910141,0.0
3000,108.82965386390686,0.0
3000,110.22525881767274,0.0
3000,111.6208637714386,0.0
3000,113.01646872520448,0.0
3000,114.41207367897034,0.0
3000,115.80767863273621,0.0
3000,117.2032835865021,0.0
3000,118.59888854026795,0.0
3000,119.99449349403383,0.0
3000,121.39009844779969,0.0
3000,122.78570340156557,0.0
3000,124.18130835533142,0.0
3000,125.5769133090973,0.0
3000,126.97251826286316,0.0
3000,128.36812321662904,0.0
3000,129.76372817039493,0.0
3000,131.15933312416075,0.0
3000,132.55493807792664,0.0
3000,133.95054303169252,0.0
3000,135.3461479854584,0.0
3000,136.74175293922423,0.0
3000,138.1373578929901,0.0
3000,139.532962846756,0.0
3000,140.92856780052188,0.0
3000,142.32417275428773,0.0
3000,143.71977770805358,0.0
3000,145.11538266181947,0.0
3000,146.51098761558535,0.0
3000,147.9065925693512,0.0
3000,149.30219752311706,10.0

3100,11.13730710029602,0.0
3100,12.532912054061889,0.0
3100,13.92851700782776,0.0
3100,15.32412196159363,0.0
3100,16.719726915359498,0.0
3100,18.115331869125367,0.0
3100,19.51093682289124,0.0
3100,20.906541776657107,0.0
3100,22.302146730422976,0.0
3100,23.697751684188844,0.0
3100,25.093356637954713,0.0
3100,26.48896159172058,0.0
3100,27.88456654548645,0.0
3100,29.28017149925232,0.0
3100,30.67577645301819,0.0
3100,32.07138140678406,0.0
3100,33.46698636054993,0.0
3100,34.8625913143158,0.0
3100,36.25819626808167,0.0
3100,37.65380122184754,0.0
3100,39.049406175613406,0.0
3100,40.445011129379274,0.0
3100,41.84061608314514,0.0
3100,43.23622103691101,0.0
3100,44.63182599067688,0.0
3100,46.02743094444275,0.0
3100,47.423035898208624,0.0
3100,48.81864085197449,0.0
3100,50.21424580574036,0.0
3100,51.60985075950623,0.0
3100,53.0054557132721,0.0
3100,54.40106066703797,0.0
3100,55.796665620803836,0.0
3100,57.192270574569704,0.0
3100,58.58787552833557,0.0
3100,59.98348048210144,0.0
3100,61.37908543586731,0.0
3100,62.77469038963318,0.0
3100,64.17029534339906,0.0
3100,65.56590029716492,0.0
3100,66.9615052509308,0.0
3100,68.35711020469665,0.0
3100,69.75271515846254,0.0
3100,71.14832011222839,0.0
3100,72.54392506599427,0.0
3100,73.93953001976013,0.0
3100,75.33513497352601,0.0
3100,76.73073992729186,0.0
3100,78.12634488105775,0.0
3100,79.5219498348236,0.0
3100,80.91755478858948,0.0
3100,82.31315974235534,0.0
3100,83.70876469612122,0.0
3100,85.10436964988709,0.0
3100,86.49997460365296,0.0
3100,87.89557955741884,0.0
3100,89.2911845111847,0.0
3100,90.68678946495058,0.0
3100,92.08239441871643,0.0
3100,93.47799937248232,0.0
3100,94.87360432624817,0.0
3100,96.26920928001405,0.0
3100,97.66481423377991,0.0
3100,99.06041918754579,0.0
3100,100.45602414131164,0.0
3100,101.85162909507753,0.0
3100,103.24723404884338,0.0
3100,104.64283900260926,0.0
3100,106.03844395637512,0.0
3100,107.434048910141,0.0
3100,108.82965386390686,0.0
3100,110.22525881767274,0.0
3100,111.6208637714386,0.0
3100,113.01646872520448,0.0
3100,114.41207367897034,0.0
3100,115.80767863273621,0.0
3100,117.2032835865021,0.0
3100,118.59888854026795,0.0
3100,119.99449349403383,0.0
3100,121.39009844779969,0.0
3100,122.78570340156557,0.0
3100,124.18130835533142,0.0
3100,125.5769133090973,0.0
3100,126.97251826286316,0.0
3100,128.36812321662904,0.0
3100,129.76372817039493,0.0
3100,131.15933312416075,0.0
3100,132.55493807792664,0.0
3100,133.95054303169252,0.0
3100,135.3461479854584,0.0
3100,136.74175293922423,0.0
3100,138.1373578929901,0.0
3100,139.532962846756,0.0
3100,140.92856780052188,0.0
3100,142.32417275428773,0.0
3100,143.71977770805358,0.0
3100,145.11538266181947,0.0
3100,146.51098761558535,0.0
3100,147.9065925693512,0.0
3100,149.30219752311706,10.0

3200,11.13730710029602,0.0
3200,12.532912054061889,0.0
3200,13.92851700782776,0.0
3200,15.32412196159363,0.0
3200,16.719726915359498,0.0
3200,18.115331869125367,0.0
3200,19.51093682289124,0.0
3200,20.906541776657107,0.0
3200,22.302146730422976,0.0
3200,23.697751684188844,0.0
3200,25.093356637954713,0.0
3200,26.48896159172058,0.0
3200,27.88456654548645,0.0
3200,29.28017149925232,0.0
3200,30.67577645301819,0.0
3200,32.07138140678406,0.0
3200,33.46698636054993,0.0
3200,34.8625913143158,0.0
3200,36.25819626808167,0.0
3200,37.65380122184754,0.0
3200,39.049406175613406,0.0
3200,40.445011129379274,0.0
3200,41.84061608314514,0.0
3200,43.23622103691101,0.0
3200,44.63182599067688,0.0
3200,46.02743094444275,0.0
3200,47.423035898208624,0.0
3200,48.81864085197449,0.0
3200,50.21424580574036,0.0
3200,51.60985075950623,0.0
3200,53.0054557132721,0.0
3200,54.40106066703797,0.0
3200,55.796665620803836,0.0
3200,57.192270574569704,0.0
3200,58.58787552833557,0.0
3200,59.98348048210144,0.0
3200,61.37908543586731,0.0
3200,62.77469038963318,0.0
3200,64.17029534339906,0.0
3200,65.56590029716492,0.0
3200,66.9615052509308,0.0
3200,68.35711020469665,0.0
3200,69.75271515846254,0.0
3200,71.14832011222839,0.0
3200,72.54392506599427,0.0
3200,73.93953001976013,0.0
3200,75.33513497352601,0.0
3200,76.73073992729186,0.0
3200,78.12634488105775,0.0
3200,79.5219498348236,0.0
3200,80.91755478858948,0.0
3200,82.31315974235534,0.0
3200,83.70876469612122,0.0
3200,85.10436964988709,0.0
3200,86.49997460365296,0.0
3200,87.89557955741884,0.0
3200,89.2911845111847,0.0
3200,90.68678946495058,0.0
3200,92.08239441871643,0.0
3200,93.47799937248232,0.0
3200,94.87360432624817,0.0
3200,96.26920928001405,0.0
3200,97.66481423377991,0.0
3200,99.06041918754579,0.0
3200,100.45602414131164,0.0
3200,101.85162909507753,0.0
3200,103.24723404884338,0.0
3200,104.64283900260926,0.0
3200,106.03844395637512,0.0
3200,107.434048910141,0.0
3200,108.82965386390686,0.0
3200,110.22525881767274,0.0
3200,111.6208637714386,0.0
3200,113.01646872520448,0.0
3200,114.41207367897034,0.0
3200,115.80767863273621,0.0
3200,117.2032835865021,0.0
3200,118.59888854026795,0.0
3200,119.99449349403383,0.0
3200,121.39009844779969,0.0
3200,122.78570340156557,0.0
3200,124.18130835533142,0.0
3200,125.5769133090973,0.0
3200,126.97251826286316,0.0
3200,128.36812321662904,0.0
3200,129.76372817039493,0.0
3200,131.15933312416075,0.0
3200,132.55493807792664,0.0
3200,133.95054303169252,0.0
3200,135.3461479854584,0.0
3200,136.74175293922423,0.0
3200,138.1373578929901,0.0
3200,139.532962846756,0.0
3200,140.92856780052188,0.0
3200,142.32417275428773,0.0
3200,143.71977770805358,0.0
3200,145.11538266181947,0.0
3200,146.51098761558535,0.0
3200,147.9065925693512,0.0
3200,149.30219752311706,10.0

3300,11.13730710029602,0.0
3300,12.532912054061889,0.0
3300,13.92851700782776,0.0
3300,15.32412196159363,0.0
3300,16.719726915359498,0.0
3300,18.115331869125367,0.0
3300,19.51093682289124,0.0
3300,20.906541776657107,0.0
3300,22.302146730422976,0.0
3300,23.697751684188844,0.0
3300,25.093356637954713,0.0
3300,26.48896159172058,0.0
3300,27.88456654548645,0.0
3300,29.28017149925232,0.0
3300,30.67577645301819,0.0
3300,32.07138140678406,0.0
3300,33.46698636054993,0.0
3300,34.8625913143158,0.0
3300,36.25819626808167,0.0
3300,37.65380122184754,0.0
3300,39.049406175613406,0.0
3300,40.445011129379274,0.0
3300,41.84061608314514,0.0
3300,43.23622103691101,0.0
3300,44.63182599067688,0.0
3300,46.02743094444275,0.0
3300,47.423035898208624,0.0
3300,48.81864085197449,0.0
3300,50.21424580574036,0.0
3300,51.60985075950623,0.0
3300,53.0054557132721,0.0
3300,54.40106066703797,0.0
3300,55.796665620803836,0.0
3300,57.192270574569704,0.0
3300,58.58787552833557,0.0
3300,59.98348048210144,0.0
3300,61.37908543586731,0.0
3300,62.77469038963318,0.0
3300,64.17029534339906,0.0
3300,65.56590029716492,0.0
3300,66.9615052509308,0.0
3300,68.35711020469665,0.0
3300,69.75271515846254,0.0
3300,71.14832011222839,0.0
3300,72.54392506599427,0.0
3300,73.93953001976013,0.0
3300,75.33513497352601,0.0
3300,76.73073992729186,0.0
3300,78.12634488105775,0.0
3300,79.5219498348236,0.0
3300,80.91755478858948,0.0
3300,82.31315974235534,0.0
3300,83.70876469612122,0.0
3300,85.10436964988709,0.0
3300,86.49997460365296,0.0
3300,87.89557955741884,0.0
3300,89.2911845111847,0.0
3300,90.68678946495058,0.0
3300,92.08239441871643,0.0
3300,93.47799937248232,0.0
3300,94.87360432624817,0.0
3300,96.26920928001405,0.0
3300,97.66481423377991,0.0
3300,99.06041918754579,0.0
3300,100.45602414131164,0.0
3300,101.85162909507753,0.0
3300,103.24723404884338,0.0
3300,104.64283900260926,0.0
3300,106.03844395637512,0.0
3300,107.434048910141,0.0
3300,108.82965386390686,0.0
3300,110.22525881767274,0.0
3300,111.6208637714386,0.0
3300,113.01646872520448,0.0
3300,114.41207367897034,0.0
3300,115.80767863273621,0.0
3300,117.2032835865021,0.0
3300,118.59888854026795,0.0
3300,119.99449349403383,0.0
3300,121.39009844779969,0.0
3300,122.78570340156557,0.0
3300,124.18130835533142,0.0
3300,125.5769133090973,0.0
3300,126.97251826286316,0.0
3300,128.36812321662904,0.0
3300,129.76372817039493,0.0
3300,131.15933312416075,0.0
3300,132.55493807792664,0.0
3300,133.95054303169252,0.0
3300,135.3461479854584,0.0
3300,136.74175293922423,0.0
3300,138.1373578929901,0.0
3300,139.532962846756,0.0
3300,140.92856780052188,0.0
3300,142.32417275428773,0.0
3300,143.71977770805358,0.0
3300,145.11538266181947,0.0
3300,146.51098761558535,0.0
3300,147.9065925693512,0.0
3300,149.30219752311706,10.0

3400,11.13730710029602,0.0
3400,12.532912054061889,0.0
3400,13.92851700782776,0.0
3400,15.32412196159363,0.0
3400,16.719726915359498,0.0
3400,18.115331869125367,0.0
3400,19.51093682289124,0.0
3400,20.906541776657107,0.0
3400,22.302146730422976,0.0
3400,23.697751684188844,0.0
3400,25.093356637954713,0.0
3400,26.48896159172058,0.0
3400,27.88456654548645,0.0
3400,29.28017149925232,0.0
3400,30.67577645301819,0.0
3400,32.07138140678406,0.0
3400,33.46698636054993,0.0
3400,34.8625913143158,0.0
3400,36.25819626808167,0.0
3400,37.65380122184754,0.0
3400,39.049406175613406,0.0
3400,40.445011129379274,0.0
3400,41.84061608314514,0.0
3400,43.23622103691101,0.0
3400,44.63182599067688,0.0
3400,46.02743094444275,0.0
3400,47.423035898208624,0.0
3400,48.81864085197449,0.0
3400,50.21424580574036,0.0
3400,51.60985075950623,0.0
3400,53.0054557132721,0.0
3400,54.40106066703797,0.0
3400,55.796665620803836,0.0
3400,57.192270574569704,0.0
3400,58.58787552833557,0.0
3400,59.98348048210144,0.0
3400,61.37908543586731,0.0
3400,62.77469038963318,0.0
3400,64.17029534339906,0.0
3400,65.56590029716492,0.0
3400,66.9615052509308,0.0
3400,68.35711020469665,0.0
3400,69.75271515846254,0.0
3400,71.14832011222839,0.0
3400,72.54392506599427,0.0
3400,73.93953001976013,0.0
3400,75.33513497352601,0.0
3400,76.73073992729186,0.0
3400,78.12634488105775,0.0
3400,79.5219498348236,0.0
3400,80.91755478858948,0.0
3400,82.31315974235534,0.0
3400,83.70876469612122,0.0
3400,85.10436964988709,0.0
3400,86.49997460365296,0.0
3400,87.89557955741884,0.0
3400,89.2911845111847,0.0
3400,90.68678946495058,0.0
3400,92.08239441871643,0.0
3400,93.47799937248232,0.0
3400,94.87360432624817,0.0
3400,96.26920928001405,0.0
3400,97.66481423377991,0.0
3400,99.06041918754579,0.0
3400,100.45602414131164,0.0
3400,101.85162909507753,0.0
3400,103.24723404884338,0.0
3400,104.64283900260926,0.0
3400,106.03844395637512,0.0
3400,107.434048910141,0.0
3400,108.82965386390686,0.0
3400,110.22525881767274,0.0
3400,111.6208637714386,0.0
3400,113.01646872520448,0.0
3400,114.41207367897034,0.0
3400,115.80767863273621,0.0
3400,117.2032835865021,0.0
3400,118.59888854026795,0.0
3400,119.99449349403383,0.0
3400,121.39009844779969,0.0
3400,122.78570340156557,0.0
3400,124.18130835533142,0.0
3400,125.5769133090973,0.0
3400,126.97251826286316,0.0
3400,128.36812321662904,0.0
3400,129.76372817039493,0.0
3400,131.15933312416075,0.0
3400,132.55493807792664,0.0
3400,133.95054303169252,0.0
3400,135.3461479854584,0.0
3400,136.74175293922423,0.0
3400,138.1373578929901,0.0
3400,139.532962846756,0.0
3400,140.92856780052188,0.0
3400,142.32417275428773,0.0
3400,143.71977770805358,0.0
3400,145.11538266181947,0.0
3400,146.51098761558535,0.0
3400,147.9065925693512,0.0
3400,149.30219752311706,10.0

3500,11.13730710029602,0.0
3500,12.532912054061889,0.0
3500,13.92851700782776,0.0
3500,15.32412196159363,0.0
3500,16.719726915359498,0.0
3500,18.115331869125367,0.0
3500,19.51093682289124,0.0
3500,20.906541776657107,0.0
3500,22.302146730422976,0.0
3500,23.697751684188844,0.0
3500,25.093356637954713,0.0
3500,26.48896159172058,0.0
3500,27.88456654548645,0.0
3500,29.28017149925232,0.0
3500,30.67577645301819,0.0
3500,32.07138140678406,0.0
3500,33.46698636054993,0.0
3500,34.8625913143158,0.0
3500,36.25819626808167,0.0
3500,37.65380122184754,0.0
3500,39.049406175613406,0.0
3500,40.445011129379274,0.0
3500,41.84061608314514,0.0
3500,43.23622103691101,0.0
3500,44.63182599067688,0.0
3500,46.02743094444275,0.0
3500,47.423035898208624,0.0
3500,48.81864085197449,0.0
3500,50.21424580574036,0.0
3500,51.60985075950623,0.0
3500,53.0054557132721,0.0
3500,54.40106066703797,0.0
3500,55.796665620803836,0.0
3500,57.192270574569704,0.0
3500,58.58787552833557,0.0
3500,59.98348048210144,0.0
3500,61.37908543586731,0.0
3500,62.77469038963318,0.0
3500,64.17029534339906,0.0
3500,65.56590029716492,0.0
3500,66.9615052509308,0.0
3500,68.35711020469665,0.0
3500,69.75271515846254,0.0
3500,71.14832011222839,0.0
3500,72.54392506599427,0.0
3500,73.93953001976013,0.0
3500,75.33513497352601,0.0
3500,76.73073992729186,0.0
3500,78.12634488105775,0.0
3500,79.5219498348236,0.0
3500,80.91755478858948,0.0
3500,82.31315974235534,0.0
3500,83.70876469612122,0.0
3500,85.10436964988709,0.0
3500,86.49997460365296,0.0
3500,87.89557955741884,0.0
3500,89.2911845111847,0.0
3500,90.68678946495058,0.0
3500,92.08239441871643,0.0
3500,93.47799937248232,0.0
3500,94.87360432624817,0.0
3500,96.26920928001405,0.0
3500,97.66481423377991,0.0
3500,99.06041918754579,0.0
3500,100.45602414131164,0.0
3500,101.85162909507753,0.0
3500,103.24723404884338,0.0
3500,104.64283900260926,0.0
3500,106.03844395637512,0.0
3500,107.434048910141,0.0
3500,108.82965386390686,0.0
3500,110.22525881767274,0.0
3500,111.6208637714386,0.0
3500,113.01646872520448,0.0
3500,114.41207367897034,0.0
3500,115.80767863273621,0.0
3500,117.2032835865021,0.0
3500,118.59888854026795,0.0
3500,119.99449349403383,0.0
3500,121.39009844779969,0.0
3500,122.78570340156557,0.0
3500,124.18130835533142,0.0
3500,125.5769133090973,0.0
3500,126.97251826286316,0.0
3500,128.36812321662904,0.0
3500,129.76372817039493,0.0
3500,131.15933312416075,0.0
3500,132.55493807792664,0.0
3500,133.95054303169252,0.0
3500,135.3461479854584,0.0
3500,136.74175293922423,0.0
3500,138.1373578929901,0.0
3500,139.532962846756,0.0
3500,140.92856780052188,0.0
3500,142.32417275428773,0.0
3500,143.71977770805358,0.0
3500,145.11538266181947,0.0
3500,146.51098761558535,0.0
3500,147.9065925693512,0.0
3500,149.30219752311706,10.0

3600,11.13730710029602,0.0
3600,12.532912054061889,0.0
3600,13.92851700782776,0.0
3600,15.32412196159363,0.0
3600,16.719726915359498,0.0
3600,18.115331869125367,0.0
3600,19.51093682289124,0.0
3600,20.906541776657107,0.0
3600,22.302146730422976,0.0
3600,23.697751684188844,0.0
3600,25.093356637954713,0.0
3600,26.48896159172058,0.0
3600,27.88456654548645,0.0
3600,29.28017149925232,0.0
3600,30.67577645301819,0.0
3600,32.07138140678406,0.0
3600,33.46698636054993,0.0
3600,34.8625913143158,0.0
3600,36.25819626808167,0.0
3600,37.65380122184754,0.0
3600,39.049406175613406,0.0
3600,40.445011129379274,0.0
3600,41.84061608314514,0.0
3600,43.23622103691101,0.0
3600,44.63182599067688,0.0
3600,46.02743094444275,0.0
3600,47.423035898208624,0.0
3600,48.81864085197449,0.0
3600,50.21424580574036,0.0
3600,51.60985075950623,0.0
3600,53.0054557132721,0.0
3600,54.40106066703797,0.0
3600,55.796665620803836,0.0
3600,57.192270574569704,0.0
3600,58.58787552833557,0.0
3600,59.98348048210144,0.0
3600,61.37908543586731,0.0
3600,62.77469038963318,0.0
3600,64.17029534339906,0.0
3600,65.56590029716492,0.0
3600,66.9615052509308,0.0
3600,68.35711020469665,0.0
3600,69.75271515846254,0.0
3600,71.14832011222839,0.0
3600,72.54392506599427,0.0
3600,73.93953001976013,0.0
3600,75.33513497352601,0.0
3600,76.73073992729186,0.0
3600,78.12634488105775,0.0
3600,79.5219498348236,0.0
3600,80.91755478858948,0.0
3600,82.31315974235534,0.0
3600,83.70876469612122,0.0
3600,85.10436964988709,0.0
3600,86.49997460365296,0.0
3600,87.89557955741884,0.0
3600,89.2911845111847,0.0
3600,90.68678946495058,0.0
3600,92.08239441871643,0.0
3600,93.47799937248232,0.0
3600,94.87360432624817,0.0
3600,96.26920928001405,0.0
3600,97.66481423377991,0.0
3600,99.06041918754579,0.0
3600,100.45602414131164,0.0
3600,101.85162909507753,0.0
3600,103.24723404884338,0.0
3600,104.64283900260926,0.0
3600,106.03844395637512,0.0
3600,107.434048910141,0.0
3600,108.82965386390686,0.0
3600,110.22525881767274,0.0
3600,111.6208637714386,0.0
3600,113.01646872520448,0.0
3600,114.41207367897034,0.0
3600,115.80767863273621,0.0
3600,117.2032835865021,0.0
3600,118.59888854026795,0.0
3600,119.99449349403383,0.0
3600,121.39009844779969,0.0
3600,122.78570340156557,0.0
3600,124.18130835533142,0.0
3600,125.5769133090973,0.0
3600,126.97251826286316,0.0
3600,128.36812321662904,0.0
3600,129.76372817039493,0.0
3600,131.15933312416075,0.0
3600,132.55493807792664,0.0
3600,133.95054303169252,0.0
3600,135.3461479854584,0.0
3600,136.74175293922423,0.0
3600,138.1373578929901,0.0
3600,139.532962846756,0.0
3600,140.92856780052188,0.0
3600,142.32417275428773,0.0
3600,143.71977770805358,0.0
3600,145.11538266181947,0.0
3600,146.51098761558535,0.0
3600,147.9065925693512,0.0
3600,149.30219752311706,10.0

3700,11.13730710029602,0.0
3700,12.532912054061889,0.0
3700,13.92851700782776,0.0
3700,15.32412196159363,0.0
3700,16.719726915359498,0.0
3700,18.115331869125367,0.0
3700,19.51093682289124,0.0
3700,20.906541776657107,0.0
3700,22.302146730422976,0.0
3700,23.697751684188844,0.0
3700,25.093356637954713,0.0
3700,26.48896159172058,0.0
3700,27.88456654548645,0.0
3700,29.28017149925232,0.0
3700,30.67577645301819,0.0
3700,32.07138140678406,0.0
3700,33.46698636054993,0.0
3700,34.8625913143158,0.0
3700,36.25819626808167,0.0
3700,37.65380122184754,0.0
3700,39.049406175613406,0.0
3700,40.445011129379274,0.0
3700,41.84061608314514,0.0
3700,43.23622103691101,0.0
3700,44.63182599067688,0.0
3700,46.02743094444275,0.0
3700,47.423035898208624,0.0
3700,48.81864085197449,0.0
3700,50.21424580574036,0.0
3700,51.60985075950623,0.0
3700,53.0054557132721,0.0
3700,54.40106066703797,0.0
3700,55.796665620803836,0.0
3700,57.192270574569704,0.0
3700,58.58787552833557,0.0
3700,59.98348048210144,0.0
3700,61.37908543586731,0.0
3700,62.77469038963318,0.0
3700,64.17029534339906,0.0
3700,65.56590029716492,0.0
3700,66.9615052509308,0.0
3700,68.35711020469665,0.0
3700,69.75271515846254,0.0
3700,71.14832011222839,0.0
3700,72.54392506599427,0.0
3700,73.93953001976013,0.0
3700,75.33513497352601,0.0
3700,76.73073992729186,0.0
3700,78.12634488105775,0.0
3700,79.5219498348236,0.0
3700,80.91755478858948,0.0
3700,82.31315974235534,0.0
3700,83.70876469612122,0.0
3700,85.10436964988709,0.0
3700,86.49997460365296,0.0
3700,87.89557955741884,0.0
3700,89.2911845111847,0.0
3700,90.68678946495058,0.0
3700,92.08239441871643,0.0
3700,93.47799937248232,0.0
3700,94.87360432624817,0.0
3700,96.26920928001405,0.0
3700,97.66481423377991,0.0
3700,99.06041918754579,0.0
3700,100.45602414131164,0.0
3700,101.85162909507753,0.0
3700,103.24723404884338,0.0
3700,104.64283900260926,0.0
3700,106.03844395637512,0.0
3700,107.434048910141,0.0
3700,108.82965386390686,0.0
3700,110.22525881767274,0.0
3700,111.6208637714386,0.0
3700,113.01646872520448,0.0
3700,114.41207367897034,0.0
3700,115.80767863273621,0.0
3700,117.2032835865021,0.0
3700,118.59888854026795,0.0
3700,119.99449349403383,0.0
3700,121.39009844779969,0.0
3700,122.78570340156557,0.0
3700,124.18130835533142,0.0
3700,125.5769133090973,0.0
3700,126.97251826286316,0.0
3700,128.36812321662904,0.0
3700,129.76372817039493,0.0
3700,131.15933312416075,0.0
3700,132.55493807792664,0.0
3700,133.95054303169252,0.0
3700,135.3461479854584,0.0
3700,136.74175293922423,0.0
3700,138.1373578929901,0.0
3700,139.532962846756,0.0
3700,140.92856780052188,0.0
3700,142.32417275428773,0.0
3700,143.71977770805358,0.0
3700,145.11538266181947,0.0
3700,146.51098761558535,0.0
3700,147.9065925693512,0.0
3700,149.30219752311706,10.0

3800,11.13730710029602,0.0
3800,12.532912054061889,0.0
3800,13.92851700782776,0.0
3800,15.32412196159363,0.0
3800,16.719726915359498,0.0
3800,18.115331869125367,0.0
3800,19.51093682289124,0.0
3800,20.906541776657107,0.0
3800,22.302146730422976,0.0
3800,23.697751684188844,0.0
3800,25.093356637954713,0.0
3800,26.48896159172058,0.0
3800,27.88456654548645,0.0
3800,29.28017149925232,0.0
3800,30.67577645301819,0.0
3800,32.07138140678406,0.0
3800,33.46698636054993,0.0
3800,34.8625913143158,0.0
3800,36.25819626808167,0.0
3800,37.65380122184754,0.0
3800,39.049406175613406,0.0
3800,40.445011129379274,0.0
3800,41.84061608314514,0.0
3800,43.23622103691101,0.0
3800,44.63182599067688,0.0
3800,46.02743094444275,0.0
3800,47.423035898208624,0.0
3800,48.81864085197449,0.0
3800,50.21424580574036,0.0
3800,51.60985075950623,0.0
3800,53.0054557132721,0.0
3800,54.40106066703797,0.0
3800,55.796665620803836,0.0
3800,57.192270574569704,0.0
3800,58.58787552833557,0.0
3800,59.98348048210144,0.0
3800,61.37908543586731,0.0
3800,62.77469038963318,0.0
3800,64.17029534339906,0.0
3800,65.56590029716492,0.0
3800,66.9615052509308,0.0
3800,68.35711020469665,0.0
3800,69.75271515846254,0.0
3800,71.14832011222839,0.0
3800,72.54392506599427,0.0
3800,73.93953001976013,0.0
3800,75.33513497352601,0.0
3800,76.73073992729186,0.0
3800,78.12634488105775,0.0
3800,79.5219498348236,0.0
3800,80.91755478858948,0.0
3800,82.31315974235534,0.0
3800,83.70876469612122,0.0
3800,85.10436964988709,0.0
3800,86.49997460365296,0.0
3800,87.89557955741884,0.0
3800,89.2911845111847,0.0
3800,90.68678946495058,0.0
3800,92.08239441871643,0.0
3800,93.47799937248232,0.0
3800,94.87360432624817,0.0
3800,96.26920928001405,0.0
3800,97.66481423377991,0.0
3800,99.06041918754579,0.0
3800,100.45602414131164,0.0
3800,101.85162909507753,0.0
3800,103.24723404884338,0.0
3800,104.64283900260926,0.0
3800,106.03844395637512,0.0
3800,107.434048910141,0.0
3800,108.82965386390686,0.0
3800,110.22525881767274,0.0
3800,111.6208637714386,0.0
3800,113.01646872520448,0.0
3800,114.41207367897034,0.0
3800,115.80767863273621,0.0
3800,117.2032835865021,0.0
3800,118.59888854026795,0.0
3800,119.99449349403383,0.0
3800,121.39009844779969,0.0
3800,122.78570340156557,0.0
3800,124.18130835533142,0.0
3800,125.5769133090973,0.0
3800,126.97251826286316,0.0
3800,128.36812321662904,0.0
3800,129.76372817039493,0.0
3800,131.15933312416075,0.0
3800,132.55493807792664,0.0
3800,133.95054303169252,0.0
3800,135.3461479854584,0.0
3800,136.74175293922423,0.0
3800,138.1373578929901,0.0
3800,139.532962846756,0.0
3800,140.92856780052188,0.0
3800,142.32417275428773,0.0
3800,143.71977770805358,0.0
3800,145.11538266181947,0.0
3800,146.51098761558535,0.0
3800,147.9065925693512,0.0
3800,149.30219752311706,10.0

3900,11.13730710029602,0.0
3900,12.532912054061889,0.0
3900,13.92851700782776,0.0
3900,15.32412196159363,0.0
3900,16.719726915359498,0.0
3900,18.115331869125367,0.0
3900,19.51093682289124,0.0
3900,20.906541776657107,0.0
3900,22.302146730422976,0.0
3900,23.697751684188844,0.0
3900,25.093356637954713,0.0
3900,26.48896159172058,0.0
3900,27.88456654548645,0.0
3900,29.28017149925232,0.0
3900,30.67577645301819,0.0
3900,32.07138140678406,0.0
3900,33.46698636054993,0.0
3900,34.8625913143158,0.0
3900,36.25819626808167,0.0
3900,37.65380122184754,0.0
3900,39.049406175613406,0.0
3900,40.445011129379274,0.0
3900,41.84061608314514,0.0
3900,43.23622103691101,0.0
3900,44.63182599067688,0.0
3900,46.02743094444275,0.0
3900,47.423035898208624,0.0
3900,48.81864085197449,0.0
3900,50.21424580574036,0.0
3900,51.60985075950623,0.0
3900,53.0054557132721,0.0
3900,54.40106066703797,0.0
3900,55.796665620803836,0.0
3900,57.192270574569704,0.0
3900,58.58787552833557,0.0
3900,59.98348048210144,0.0
3900,61.37908543586731,0.0
3900,62.77469038963318,0.0
3900,64.17029534339906,0.0
3900,65.56590029716492,0.0
3900,66.9615052509308,0.0
3900,68.35711020469665,0.0
3900,69.75271515846254,0.0
3900,71.14832011222839,0.0
3900,72.54392506599427,0.0
3900,73.93953001976013,0.0
3900,75.33513497352601,0.0
3900,76.73073992729186,0.0
3900,78.12634488105775,0.0
3900,79.5219498348236,0.0
3900,80.91755478858948,0.0
3900,82.31315974235534,0.0
3900,83.70876469612122,0.0
3900,85.10436964988709,0.0
3900,86.49997460365296,0.0
3900,87.89557955741884,0.0
3900,89.2911845111847,0.0
3900,90.68678946495058,0.0
3900,92.08239441871643,0.0
3900,93.47799937248232,0.0
3900,94.87360432624817,0.0
3900,96.26920928001405,0.0
3900,97.66481423377991,0.0
3900,99.06041918754579,0.0
3900,100.45602414131164,0.0
3900,101.85162909507753,0.0
3900,103.24723404884338,0.0
3900,104.64283900260926,0.0
3900,106.03844395637512,0.0
3900,107.434048910141,0.0
3900,108.82965386390686,0.0
3900,110.22525881767274,0.0
3900,111.6208637714386,0.0
3900,113.01646872520448,0.0
3900,114.41207367897034,0.0
3900,115.80767863273621,0.0
3900,117.2032835865021,0.0
3900,118.59888854026795,0.0
3900,119.99449349403383,0.0
3900,121.39009844779969,0.0
3900,122.78570340156557,0.0
3900,124.18130835533142,0.0
3900,125.5769133090973,0.0
3900,126.97251826286316,0.0
3900,128.36812321662904,0.0
3900,129.76372817039493,0.0
3900,131.15933312416075,0.0
3900,132.55493807792664,0.0
3900,133.95054303169252,0.0
3900,135.3461479854584,0.0
3900,136.74175293922423,0.0
3900,138.1373578929901,0.0
3900,139.532962846756,0.0
3900,140.92856780052188,0.0
3900,142.32417275428773,0.0
3900,143.71977770805358,0.0
3900,145.11538266181947,0.0
3900,146.51098761558535,0.0
3900,147.9065925693512,0.0
3900,149.30219752311706,10.0

4000,11.13730710029602,0.0
4000,12.532912054061889,0.0
4000,13.92851700782776,0.0
4000,15.32412196159363,0.0
4000,16.719726915359498,0.0
4000,18.115331869125367,0.0
4000,19.51093682289124,0.0
4000,20.906541776657107,0.0
4000,22.302146730422976,0.0
4000,23.697751684188844,0.0
4000,25.093356637954713,0.0
4000,26.48896159172058,0.0
4000,27.88456654548645,0.0
4000,29.28017149925232,0.0
4000,30.67577645301819,0.0
4000,32.07138140678406,0.0
4000,33.46698636054993,0.0
4000,34.8625913143158,0.0
4000,36.25819626808167,0.0
4000,37.65380122184754,0.0
4000,39.049406175613406,0.0
4000,40.445011129379274,0.0
4000,41.84061608314514,0.0
4000,43.23622103691101,0.0
4000,44.63182599067688,0.0
4000,46.02743094444275,0.0
4000,47.423035898208624,0.0
4000,48.81864085197449,0.0
4000,50.21424580574036,0.0
4000,51.60985075950623,0.0
4000,53.0054557132721,0.0
4000,54.40106066703797,0.0
4000,55.796665620803836,0.0
4000,57.192270574569704,0.0
4000,58.58787552833557,0.0
4000,59.98348048210144,0.0
4000,61.37908543586731,0.0
4000,62.77469038963318,0.0
4000,64.17029534339906,0.0
4000,65.56590029716492,0.0
4000,66.9615052509308,0.0
4000,68.35711020469665,0.0
4000,69.75271515846254,0.0
4000,71.14832011222839,0.0
4000,72.54392506599427,0.0
4000,73.93953001976013,0.0
4000,75.33513497352601,0.0
4000,76.73073992729186,0.0
4000,78.12634488105775,0.0
4000,79.5219498348236,0.0
4000,80.91755478858948,0.0
4000,82.31315974235534,0.0
4000,83.70876469612122,0.0
4000,85.10436964988709,0.0
4000,86.49997460365296,0.0
4000,87.89557955741884,0.0
4000,89.2911845111847,0.0
4000,90.68678946495058,0.0
4000,92.08239441871643,0.0
4000,93.47799937248232,0.0
4000,94.87360432624817,0.0
4000,96.26920928001405,0.0
4000,97.66481423377991,0.0
4000,99.06041918754579,0.0
4000,100.45602414131164,0.0
4000,101.85162909507753,0.0
4000,103.24723404884338,0.0
4000,104.64283900260926,0.0
4000,106.03844395637512,0.0
4000,107.434048910141,0.0
4000,108.82965386390686,0.0
4000,110.22525881767274,0.0
4000,111.6208637714386,0.0
4000,113.01646872520448,0.0
4000,114.41207367897034,0.0
4000,115.80767863273621,0.0
4000,117.2032835865021,0.0
4000,118.59888854026795,0.0
4000,119.99449349403383,0.0
4000,121.39009844779969,0.0
4000,122.78570340156557,0.0
4000,124.18130835533142,0.0
4000,125.5769133090973,0.0
4000,126.97251826286316,0.0
4000,128.36812321662904,0.0
4000,129.76372817039493,0.0
4000,131.15933312416075,0.0
4000,132.55493807792664,0.0
4000,133.95054303169252,0.0
4000,135.3461479854584,0.0
4000,136.74175293922423,0.0
4000,138.1373578929901,0.0
4000,139.532962846756,0.0
4000,140.92856780052188,0.0
4000,142.32417275428773,0.0
4000,143.71977770805358,0.0
4000,145.11538266181947,0.0
4000,146.51098761558535,0.0
4000,147.9065925693512,0.0
4000,149.30219752311706,10.0

